Timestamp,APK Package Name,Package Name
2023-06-05 11:24:14,土巴兔销售_2.5.4.apk,Decoder
2023-06-05 11:24:14,土巴兔销售_2.5.4.apk,android.accessibilityservice
2023-06-05 11:24:14,土巴兔销售_2.5.4.apk,android.accounts
2023-06-05 11:24:14,土巴兔销售_2.5.4.apk,android.animation
2023-06-05 11:24:14,土巴兔销售_2.5.4.apk,android.app
2023-06-05 11:24:14,土巴兔销售_2.5.4.apk,android.app.admin
2023-06-05 11:24:14,土巴兔销售_2.5.4.apk,android.app.job
2023-06-05 11:24:14,土巴兔销售_2.5.4.apk,android.app.usage
2023-06-05 11:24:14,土巴兔销售_2.5.4.apk,android.appwidget
2023-06-05 11:24:14,土巴兔销售_2.5.4.apk,android.bluetooth
2023-06-05 11:24:14,土巴兔销售_2.5.4.apk,android.content
2023-06-05 11:24:14,土巴兔销售_2.5.4.apk,android.content.pm
2023-06-05 11:24:14,土巴兔销售_2.5.4.apk,android.content.res
2023-06-05 11:24:14,土巴兔销售_2.5.4.apk,android.database
2023-06-05 11:24:14,土巴兔销售_2.5.4.apk,android.database.sqlite
2023-06-05 11:24:14,土巴兔销售_2.5.4.apk,android.graphics
2023-06-05 11:24:14,土巴兔销售_2.5.4.apk,android.graphics.drawable
2023-06-05 11:24:14,土巴兔销售_2.5.4.apk,android.graphics.drawable.shapes
2023-06-05 11:24:14,土巴兔销售_2.5.4.apk,android.graphics.fonts
2023-06-05 11:24:14,土巴兔销售_2.5.4.apk,android.graphics.pdf
2023-06-05 11:24:14,土巴兔销售_2.5.4.apk,android.hardware
2023-06-05 11:24:14,土巴兔销售_2.5.4.apk,android.hardware.camera2
2023-06-05 11:24:14,土巴兔销售_2.5.4.apk,android.hardware.display
2023-06-05 11:24:14,土巴兔销售_2.5.4.apk,android.hardware.fingerprint
2023-06-05 11:24:14,土巴兔销售_2.5.4.apk,android.hardware.input
2023-06-05 11:24:14,土巴兔销售_2.5.4.apk,android.hardware.usb
2023-06-05 11:24:14,土巴兔销售_2.5.4.apk,android.icu.text
2023-06-05 11:24:14,土巴兔销售_2.5.4.apk,android.icu.util
2023-06-05 11:24:14,土巴兔销售_2.5.4.apk,android.location
2023-06-05 11:24:14,土巴兔销售_2.5.4.apk,android.media
2023-06-05 11:24:14,土巴兔销售_2.5.4.apk,android.media.projection
2023-06-05 11:24:14,土巴兔销售_2.5.4.apk,android.media.session
2023-06-05 11:24:14,土巴兔销售_2.5.4.apk,android.media.tv
2023-06-05 11:24:14,土巴兔销售_2.5.4.apk,android.net
2023-06-05 11:24:14,土巴兔销售_2.5.4.apk,android.net.http
2023-06-05 11:24:14,土巴兔销售_2.5.4.apk,android.net.nsd
2023-06-05 11:24:14,土巴兔销售_2.5.4.apk,android.net.ssl
2023-06-05 11:24:14,土巴兔销售_2.5.4.apk,android.net.wifi
2023-06-05 11:24:14,土巴兔销售_2.5.4.apk,android.net.wifi.p2p
2023-06-05 11:24:14,土巴兔销售_2.5.4.apk,android.nfc
2023-06-05 11:24:14,土巴兔销售_2.5.4.apk,android.opengl
2023-06-05 11:24:14,土巴兔销售_2.5.4.apk,android.os
2023-06-05 11:24:14,土巴兔销售_2.5.4.apk,android.os.storage
2023-06-05 11:24:14,土巴兔销售_2.5.4.apk,android.preference
2023-06-05 11:24:14,土巴兔销售_2.5.4.apk,android.print
2023-06-05 11:24:14,土巴兔销售_2.5.4.apk,android.print.pdf
2023-06-05 11:24:14,土巴兔销售_2.5.4.apk,android.provider
2023-06-05 11:24:14,土巴兔销售_2.5.4.apk,android.renderscript
2023-06-05 11:24:14,土巴兔销售_2.5.4.apk,android.support.v4.app
2023-06-05 11:24:14,土巴兔销售_2.5.4.apk,android.support.v4.os
2023-06-05 11:24:14,土巴兔销售_2.5.4.apk,android.system
2023-06-05 11:24:14,土巴兔销售_2.5.4.apk,android.telecom
2023-06-05 11:24:14,土巴兔销售_2.5.4.apk,android.telephony
2023-06-05 11:24:14,土巴兔销售_2.5.4.apk,android.telephony.cdma
2023-06-05 11:24:14,土巴兔销售_2.5.4.apk,android.telephony.gsm
2023-06-05 11:24:14,土巴兔销售_2.5.4.apk,android.telephony.mbms
2023-06-05 11:24:14,土巴兔销售_2.5.4.apk,android.text
2023-06-05 11:24:14,土巴兔销售_2.5.4.apk,android.text.format
2023-06-05 11:24:14,土巴兔销售_2.5.4.apk,android.text.method
2023-06-05 11:24:14,土巴兔销售_2.5.4.apk,android.text.style
2023-06-05 11:24:14,土巴兔销售_2.5.4.apk,android.text.util
2023-06-05 11:24:14,土巴兔销售_2.5.4.apk,android.transition
2023-06-05 11:24:14,土巴兔销售_2.5.4.apk,android.util
2023-06-05 11:24:14,土巴兔销售_2.5.4.apk,android.view
2023-06-05 11:24:14,土巴兔销售_2.5.4.apk,android.view.accessibility
2023-06-05 11:24:14,土巴兔销售_2.5.4.apk,android.view.animation
2023-06-05 11:24:14,土巴兔销售_2.5.4.apk,android.view.inputmethod
2023-06-05 11:24:14,土巴兔销售_2.5.4.apk,android.view.textclassifier
2023-06-05 11:24:14,土巴兔销售_2.5.4.apk,android.view.textservice
2023-06-05 11:24:14,土巴兔销售_2.5.4.apk,android.webkit
2023-06-05 11:24:14,土巴兔销售_2.5.4.apk,android.widget
2023-06-05 11:24:14,土巴兔销售_2.5.4.apk,androidx.activity
2023-06-05 11:24:14,土巴兔销售_2.5.4.apk,androidx.activity.contextaware
2023-06-05 11:24:14,土巴兔销售_2.5.4.apk,androidx.activity.result
2023-06-05 11:24:14,土巴兔销售_2.5.4.apk,androidx.activity.result.contract
2023-06-05 11:24:14,土巴兔销售_2.5.4.apk,androidx.appcompat
2023-06-05 11:24:14,土巴兔销售_2.5.4.apk,androidx.appcompat.app
2023-06-05 11:24:14,土巴兔销售_2.5.4.apk,androidx.appcompat.content.res
2023-06-05 11:24:14,土巴兔销售_2.5.4.apk,androidx.appcompat.graphics.drawable
2023-06-05 11:24:14,土巴兔销售_2.5.4.apk,androidx.appcompat.resources
2023-06-05 11:24:14,土巴兔销售_2.5.4.apk,androidx.appcompat.text
2023-06-05 11:24:14,土巴兔销售_2.5.4.apk,androidx.appcompat.view
2023-06-05 11:24:14,土巴兔销售_2.5.4.apk,androidx.appcompat.view.menu
2023-06-05 11:24:14,土巴兔销售_2.5.4.apk,androidx.appcompat.widget
2023-06-05 11:24:14,土巴兔销售_2.5.4.apk,androidx.arch.core.executor
2023-06-05 11:24:14,土巴兔销售_2.5.4.apk,androidx.arch.core.internal
2023-06-05 11:24:14,土巴兔销售_2.5.4.apk,androidx.arch.core.util
2023-06-05 11:24:14,土巴兔销售_2.5.4.apk,androidx.camera.core
2023-06-05 11:24:14,土巴兔销售_2.5.4.apk,androidx.camera.core.impl
2023-06-05 11:24:14,土巴兔销售_2.5.4.apk,androidx.camera.core.impl.quirk
2023-06-05 11:24:14,土巴兔销售_2.5.4.apk,androidx.camera.core.impl.utils
2023-06-05 11:24:14,土巴兔销售_2.5.4.apk,androidx.camera.core.impl.utils.executor
2023-06-05 11:24:14,土巴兔销售_2.5.4.apk,androidx.camera.core.impl.utils.futures
2023-06-05 11:24:14,土巴兔销售_2.5.4.apk,androidx.camera.core.internal
2023-06-05 11:24:14,土巴兔销售_2.5.4.apk,androidx.camera.core.internal.compat.quirk
2023-06-05 11:24:14,土巴兔销售_2.5.4.apk,androidx.camera.core.internal.utils
2023-06-05 11:24:14,土巴兔销售_2.5.4.apk,androidx.camera.lifecycle
2023-06-05 11:24:14,土巴兔销售_2.5.4.apk,androidx.camera.view
2023-06-05 11:24:14,土巴兔销售_2.5.4.apk,androidx.camera.view.preview.transform.transformation
2023-06-05 11:24:14,土巴兔销售_2.5.4.apk,androidx.camera.view.video
2023-06-05 11:24:14,土巴兔销售_2.5.4.apk,androidx.cardview
2023-06-05 11:24:14,土巴兔销售_2.5.4.apk,androidx.cardview.widget
2023-06-05 11:24:14,土巴兔销售_2.5.4.apk,androidx.collection
2023-06-05 11:24:14,土巴兔销售_2.5.4.apk,androidx.concurrent.futures
2023-06-05 11:24:14,土巴兔销售_2.5.4.apk,androidx.constraintlayout.motion.utils
2023-06-05 11:24:14,土巴兔销售_2.5.4.apk,androidx.constraintlayout.motion.widget
2023-06-05 11:24:14,土巴兔销售_2.5.4.apk,androidx.constraintlayout.solver
2023-06-05 11:24:14,土巴兔销售_2.5.4.apk,androidx.constraintlayout.solver.state
2023-06-05 11:24:14,土巴兔销售_2.5.4.apk,androidx.constraintlayout.solver.state.helpers
2023-06-05 11:24:14,土巴兔销售_2.5.4.apk,androidx.constraintlayout.solver.widgets
2023-06-05 11:24:14,土巴兔销售_2.5.4.apk,androidx.constraintlayout.solver.widgets.analyzer
2023-06-05 11:24:14,土巴兔销售_2.5.4.apk,androidx.constraintlayout.utils.widget
2023-06-05 11:24:14,土巴兔销售_2.5.4.apk,androidx.constraintlayout.widget
2023-06-05 11:24:14,土巴兔销售_2.5.4.apk,androidx.coordinatorlayout
2023-06-05 11:24:14,土巴兔销售_2.5.4.apk,androidx.coordinatorlayout.widget
2023-06-05 11:24:14,土巴兔销售_2.5.4.apk,androidx.core
2023-06-05 11:24:14,土巴兔销售_2.5.4.apk,androidx.core.app
2023-06-05 11:24:14,土巴兔销售_2.5.4.apk,androidx.core.app.unusedapprestrictions
2023-06-05 11:24:14,土巴兔销售_2.5.4.apk,androidx.core.content
2023-06-05 11:24:14,土巴兔销售_2.5.4.apk,androidx.core.content.pm
2023-06-05 11:24:14,土巴兔销售_2.5.4.apk,androidx.core.content.res
2023-06-05 11:24:14,土巴兔销售_2.5.4.apk,androidx.core.graphics
2023-06-05 11:24:14,土巴兔销售_2.5.4.apk,androidx.core.graphics.drawable
2023-06-05 11:24:14,土巴兔销售_2.5.4.apk,androidx.core.internal.view
2023-06-05 11:24:14,土巴兔销售_2.5.4.apk,androidx.core.location
2023-06-05 11:24:14,土巴兔销售_2.5.4.apk,androidx.core.math
2023-06-05 11:24:14,土巴兔销售_2.5.4.apk,androidx.core.net
2023-06-05 11:24:14,土巴兔销售_2.5.4.apk,androidx.core.os
2023-06-05 11:24:14,土巴兔销售_2.5.4.apk,androidx.core.provider
2023-06-05 11:24:14,土巴兔销售_2.5.4.apk,androidx.core.text
2023-06-05 11:24:14,土巴兔销售_2.5.4.apk,androidx.core.util
2023-06-05 11:24:14,土巴兔销售_2.5.4.apk,androidx.core.view
2023-06-05 11:24:14,土巴兔销售_2.5.4.apk,androidx.core.view.accessibility
2023-06-05 11:24:14,土巴兔销售_2.5.4.apk,androidx.core.view.animation
2023-06-05 11:24:14,土巴兔销售_2.5.4.apk,androidx.core.view.inputmethod
2023-06-05 11:24:14,土巴兔销售_2.5.4.apk,androidx.core.widget
2023-06-05 11:24:14,土巴兔销售_2.5.4.apk,androidx.cursoradapter.widget
2023-06-05 11:24:14,土巴兔销售_2.5.4.apk,androidx.customview.view
2023-06-05 11:24:14,土巴兔销售_2.5.4.apk,androidx.customview.widget
2023-06-05 11:24:14,土巴兔销售_2.5.4.apk,androidx.databinding
2023-06-05 11:24:14,土巴兔销售_2.5.4.apk,androidx.drawerlayout.widget
2023-06-05 11:24:14,土巴兔销售_2.5.4.apk,androidx.dynamicanimation.animation
2023-06-05 11:24:14,土巴兔销售_2.5.4.apk,androidx.exifinterface.media
2023-06-05 11:24:14,土巴兔销售_2.5.4.apk,androidx.fragment
2023-06-05 11:24:14,土巴兔销售_2.5.4.apk,androidx.fragment.app
2023-06-05 11:24:14,土巴兔销售_2.5.4.apk,androidx.interpolator.view.animation
2023-06-05 11:24:14,土巴兔销售_2.5.4.apk,androidx.legacy.widget
2023-06-05 11:24:14,土巴兔销售_2.5.4.apk,androidx.lifecycle
2023-06-05 11:24:14,土巴兔销售_2.5.4.apk,androidx.lifecycle.runtime
2023-06-05 11:24:14,土巴兔销售_2.5.4.apk,androidx.lifecycle.viewmodel
2023-06-05 11:24:14,土巴兔销售_2.5.4.apk,androidx.loader.app
2023-06-05 11:24:14,土巴兔销售_2.5.4.apk,androidx.loader.content
2023-06-05 11:24:14,土巴兔销售_2.5.4.apk,androidx.localbroadcastmanager.content
2023-06-05 11:24:14,土巴兔销售_2.5.4.apk,androidx.recyclerview
2023-06-05 11:24:14,土巴兔销售_2.5.4.apk,androidx.recyclerview.widget
2023-06-05 11:24:14,土巴兔销售_2.5.4.apk,androidx.recyclerview.widget.RecyclerView
2023-06-05 11:24:14,土巴兔销售_2.5.4.apk,androidx.savedstate
2023-06-05 11:24:14,土巴兔销售_2.5.4.apk,androidx.swiperefreshlayout
2023-06-05 11:24:14,土巴兔销售_2.5.4.apk,androidx.swiperefreshlayout.widget
2023-06-05 11:24:14,土巴兔销售_2.5.4.apk,androidx.tracing
2023-06-05 11:24:14,土巴兔销售_2.5.4.apk,androidx.transition
2023-06-05 11:24:14,土巴兔销售_2.5.4.apk,androidx.vectordrawable.graphics.drawable
2023-06-05 11:24:14,土巴兔销售_2.5.4.apk,androidx.versionedparcelable
2023-06-05 11:24:14,土巴兔销售_2.5.4.apk,androidx.viewbinding
2023-06-05 11:24:14,土巴兔销售_2.5.4.apk,androidx.viewpager.widget
2023-06-05 11:24:14,土巴兔销售_2.5.4.apk,androidx.viewpager2
2023-06-05 11:24:14,土巴兔销售_2.5.4.apk,androidx.viewpager2.adapter
2023-06-05 11:24:14,土巴兔销售_2.5.4.apk,androidx.viewpager2.widget
2023-06-05 11:24:14,土巴兔销售_2.5.4.apk,com.airbnb.lottie
2023-06-05 11:24:14,土巴兔销售_2.5.4.apk,com.airbnb.lottie.animation
2023-06-05 11:24:14,土巴兔销售_2.5.4.apk,com.airbnb.lottie.animation.content
2023-06-05 11:24:14,土巴兔销售_2.5.4.apk,com.airbnb.lottie.animation.keyframe
2023-06-05 11:24:14,土巴兔销售_2.5.4.apk,com.airbnb.lottie.manager
2023-06-05 11:24:14,土巴兔销售_2.5.4.apk,com.airbnb.lottie.model
2023-06-05 11:24:14,土巴兔销售_2.5.4.apk,com.airbnb.lottie.model.animatable
2023-06-05 11:24:14,土巴兔销售_2.5.4.apk,com.airbnb.lottie.model.content
2023-06-05 11:24:14,土巴兔销售_2.5.4.apk,com.airbnb.lottie.model.layer
2023-06-05 11:24:14,土巴兔销售_2.5.4.apk,com.airbnb.lottie.network
2023-06-05 11:24:14,土巴兔销售_2.5.4.apk,com.airbnb.lottie.parser
2023-06-05 11:24:14,土巴兔销售_2.5.4.apk,com.airbnb.lottie.parser.moshi
2023-06-05 11:24:14,土巴兔销售_2.5.4.apk,com.airbnb.lottie.utils
2023-06-05 11:24:14,土巴兔销售_2.5.4.apk,com.airbnb.lottie.value
2023-06-05 11:24:14,土巴兔销售_2.5.4.apk,com.alibaba.fastjson
2023-06-05 11:24:14,土巴兔销售_2.5.4.apk,com.alibaba.fastjson.annotation
2023-06-05 11:24:14,土巴兔销售_2.5.4.apk,com.alibaba.fastjson.parser
2023-06-05 11:24:14,土巴兔销售_2.5.4.apk,com.alibaba.fastjson.parser.deserializer
2023-06-05 11:24:14,土巴兔销售_2.5.4.apk,com.alibaba.fastjson.serializer
2023-06-05 11:24:14,土巴兔销售_2.5.4.apk,com.alibaba.fastjson.util
2023-06-05 11:24:14,土巴兔销售_2.5.4.apk,com.android.creator
2023-06-05 11:24:14,土巴兔销售_2.5.4.apk,com.android.msasdk
2023-06-05 11:24:14,土巴兔销售_2.5.4.apk,com.asus.msa.SupplementaryDID
2023-06-05 11:24:14,土巴兔销售_2.5.4.apk,com.asus.msa.sdid
2023-06-05 11:24:14,土巴兔销售_2.5.4.apk,com.baidu.b
2023-06-05 11:24:14,土巴兔销售_2.5.4.apk,com.baidu.b.a
2023-06-05 11:24:14,土巴兔销售_2.5.4.apk,com.baidu.b.b
2023-06-05 11:24:14,土巴兔销售_2.5.4.apk,com.baidu.b.c.b
2023-06-05 11:24:14,土巴兔销售_2.5.4.apk,com.baidu.b.e
2023-06-05 11:24:14,土巴兔销售_2.5.4.apk,com.baidu.lbsapi.auth
2023-06-05 11:24:14,土巴兔销售_2.5.4.apk,com.baidu.location
2023-06-05 11:24:14,土巴兔销售_2.5.4.apk,com.baidu.location.b
2023-06-05 11:24:14,土巴兔销售_2.5.4.apk,com.baidu.location.c
2023-06-05 11:24:14,土巴兔销售_2.5.4.apk,com.baidu.location.e
2023-06-05 11:24:14,土巴兔销售_2.5.4.apk,com.baidu.mapapi
2023-06-05 11:24:14,土巴兔销售_2.5.4.apk,com.baidu.mapapi.animation
2023-06-05 11:24:14,土巴兔销售_2.5.4.apk,com.baidu.mapapi.common
2023-06-05 11:24:14,土巴兔销售_2.5.4.apk,com.baidu.mapapi.http
2023-06-05 11:24:14,土巴兔销售_2.5.4.apk,com.baidu.mapapi.map
2023-06-05 11:24:14,土巴兔销售_2.5.4.apk,com.baidu.mapapi.map.track
2023-06-05 11:24:14,土巴兔销售_2.5.4.apk,com.baidu.mapapi.map.u
2023-06-05 11:24:14,土巴兔销售_2.5.4.apk,com.baidu.mapapi.model
2023-06-05 11:24:14,土巴兔销售_2.5.4.apk,com.baidu.mapapi.navi
2023-06-05 11:24:14,土巴兔销售_2.5.4.apk,com.baidu.mapapi.search.busline
2023-06-05 11:24:14,土巴兔销售_2.5.4.apk,com.baidu.mapapi.search.core
2023-06-05 11:24:14,土巴兔销售_2.5.4.apk,com.baidu.mapapi.search.district
2023-06-05 11:24:14,土巴兔销售_2.5.4.apk,com.baidu.mapapi.search.geocode
2023-06-05 11:24:14,土巴兔销售_2.5.4.apk,com.baidu.mapapi.search.poi
2023-06-05 11:24:14,土巴兔销售_2.5.4.apk,com.baidu.mapapi.search.recommendstop
2023-06-05 11:24:14,土巴兔销售_2.5.4.apk,com.baidu.mapapi.search.route
2023-06-05 11:24:14,土巴兔销售_2.5.4.apk,com.baidu.mapapi.search.share
2023-06-05 11:24:14,土巴兔销售_2.5.4.apk,com.baidu.mapapi.search.sug
2023-06-05 11:24:14,土巴兔销售_2.5.4.apk,com.baidu.mapapi.search.weather
2023-06-05 11:24:14,土巴兔销售_2.5.4.apk,com.baidu.mapapi.utils
2023-06-05 11:24:14,土巴兔销售_2.5.4.apk,com.baidu.mapapi.utils.poi
2023-06-05 11:24:14,土巴兔销售_2.5.4.apk,com.baidu.mapapi.utils.route
2023-06-05 11:24:14,土巴兔销售_2.5.4.apk,com.baidu.mapframework.open.aidl
2023-06-05 11:24:14,土巴兔销售_2.5.4.apk,com.baidu.mapsdkplatform.comapi
2023-06-05 11:24:14,土巴兔销售_2.5.4.apk,com.baidu.mapsdkplatform.comapi.a
2023-06-05 11:24:14,土巴兔销售_2.5.4.apk,com.baidu.mapsdkplatform.comapi.commonutils
2023-06-05 11:24:14,土巴兔销售_2.5.4.apk,com.baidu.mapsdkplatform.comapi.commonutils.a
2023-06-05 11:24:14,土巴兔销售_2.5.4.apk,com.baidu.mapsdkplatform.comapi.favrite
2023-06-05 11:24:14,土巴兔销售_2.5.4.apk,com.baidu.mapsdkplatform.comapi.map
2023-06-05 11:24:14,土巴兔销售_2.5.4.apk,com.baidu.mapsdkplatform.comapi.map.a
2023-06-05 11:24:14,土巴兔销售_2.5.4.apk,com.baidu.mapsdkplatform.comapi.util
2023-06-05 11:24:14,土巴兔销售_2.5.4.apk,com.baidu.mapsdkplatform.comjni.tools
2023-06-05 11:24:14,土巴兔销售_2.5.4.apk,com.baidu.mapsdkplatform.comjni.util
2023-06-05 11:24:14,土巴兔销售_2.5.4.apk,com.baidu.platform.base
2023-06-05 11:24:14,土巴兔销售_2.5.4.apk,com.baidu.platform.comapi
2023-06-05 11:24:14,土巴兔销售_2.5.4.apk,com.baidu.platform.comapi.a
2023-06-05 11:24:14,土巴兔销售_2.5.4.apk,com.baidu.platform.comapi.basestruct
2023-06-05 11:24:14,土巴兔销售_2.5.4.apk,com.baidu.platform.comapi.exception
2023-06-05 11:24:14,土巴兔销售_2.5.4.apk,com.baidu.platform.comapi.location
2023-06-05 11:24:14,土巴兔销售_2.5.4.apk,com.baidu.platform.comapi.longlink
2023-06-05 11:24:14,土巴兔销售_2.5.4.apk,com.baidu.platform.comapi.map
2023-06-05 11:24:14,土巴兔销售_2.5.4.apk,com.baidu.platform.comapi.map.b
2023-06-05 11:24:14,土巴兔销售_2.5.4.apk,com.baidu.platform.comapi.map.b.a
2023-06-05 11:24:14,土巴兔销售_2.5.4.apk,com.baidu.platform.comapi.pano
2023-06-05 11:24:14,土巴兔销售_2.5.4.apk,com.baidu.platform.comapi.util
2023-06-05 11:24:14,土巴兔销售_2.5.4.apk,com.baidu.platform.comjni
2023-06-05 11:24:14,土巴兔销售_2.5.4.apk,com.baidu.platform.comjni.base.logstatistics
2023-06-05 11:24:14,土巴兔销售_2.5.4.apk,com.baidu.platform.comjni.base.longlink
2023-06-05 11:24:14,土巴兔销售_2.5.4.apk,com.baidu.platform.comjni.engine
2023-06-05 11:24:14,土巴兔销售_2.5.4.apk,com.baidu.platform.comjni.map.basemap
2023-06-05 11:24:14,土巴兔销售_2.5.4.apk,com.baidu.platform.comjni.map.commonmemcache
2023-06-05 11:24:14,土巴兔销售_2.5.4.apk,com.baidu.platform.comjni.map.favorite
2023-06-05 11:24:14,土巴兔销售_2.5.4.apk,com.baidu.platform.comjni.tools
2023-06-05 11:24:14,土巴兔销售_2.5.4.apk,com.baidu.platform.core.a
2023-06-05 11:24:14,土巴兔销售_2.5.4.apk,com.baidu.platform.core.busline
2023-06-05 11:24:14,土巴兔销售_2.5.4.apk,com.baidu.platform.core.d
2023-06-05 11:24:14,土巴兔销售_2.5.4.apk,com.baidu.platform.core.f
2023-06-05 11:24:14,土巴兔销售_2.5.4.apk,com.baidu.vi
2023-06-05 11:24:14,土巴兔销售_2.5.4.apk,com.buihha.audiorecorder
2023-06-05 11:24:14,土巴兔销售_2.5.4.apk,com.buihha.audiorecorder.other
2023-06-05 11:24:14,土巴兔销售_2.5.4.apk,com.buihha.audiorecorder.other.fftlib
2023-06-05 11:24:14,土巴兔销售_2.5.4.apk,com.buihha.audiorecorder.other.listener
2023-06-05 11:24:14,土巴兔销售_2.5.4.apk,com.buihha.audiorecorder.other.utils
2023-06-05 11:24:14,土巴兔销售_2.5.4.apk,com.buihha.audiorecorder.other.wav
2023-06-05 11:24:14,土巴兔销售_2.5.4.apk,com.bumptech.glide
2023-06-05 11:24:14,土巴兔销售_2.5.4.apk,com.bumptech.glide.disklrucache
2023-06-05 11:24:14,土巴兔销售_2.5.4.apk,com.bumptech.glide.gifdecoder
2023-06-05 11:24:14,土巴兔销售_2.5.4.apk,com.bumptech.glide.integration.okhttp3
2023-06-05 11:24:14,土巴兔销售_2.5.4.apk,com.bumptech.glide.integration.webp
2023-06-05 11:24:14,土巴兔销售_2.5.4.apk,com.bumptech.glide.integration.webp.decoder
2023-06-05 11:24:14,土巴兔销售_2.5.4.apk,com.bumptech.glide.load
2023-06-05 11:24:14,土巴兔销售_2.5.4.apk,com.bumptech.glide.load.data
2023-06-05 11:24:14,土巴兔销售_2.5.4.apk,com.bumptech.glide.load.data.mediastore
2023-06-05 11:24:14,土巴兔销售_2.5.4.apk,com.bumptech.glide.load.engine
2023-06-05 11:24:14,土巴兔销售_2.5.4.apk,com.bumptech.glide.load.engine.bitmap_recycle
2023-06-05 11:24:14,土巴兔销售_2.5.4.apk,com.bumptech.glide.load.engine.cache
2023-06-05 11:24:14,土巴兔销售_2.5.4.apk,com.bumptech.glide.load.engine.executor
2023-06-05 11:24:14,土巴兔销售_2.5.4.apk,com.bumptech.glide.load.engine.prefill
2023-06-05 11:24:14,土巴兔销售_2.5.4.apk,com.bumptech.glide.load.model
2023-06-05 11:24:14,土巴兔销售_2.5.4.apk,com.bumptech.glide.load.model.stream
2023-06-05 11:24:14,土巴兔销售_2.5.4.apk,com.bumptech.glide.load.resource
2023-06-05 11:24:14,土巴兔销售_2.5.4.apk,com.bumptech.glide.load.resource.bitmap
2023-06-05 11:24:14,土巴兔销售_2.5.4.apk,com.bumptech.glide.load.resource.bytes
2023-06-05 11:24:14,土巴兔销售_2.5.4.apk,com.bumptech.glide.load.resource.drawable
2023-06-05 11:24:14,土巴兔销售_2.5.4.apk,com.bumptech.glide.load.resource.file
2023-06-05 11:24:14,土巴兔销售_2.5.4.apk,com.bumptech.glide.load.resource.gif
2023-06-05 11:24:14,土巴兔销售_2.5.4.apk,com.bumptech.glide.load.resource.transcode
2023-06-05 11:24:14,土巴兔销售_2.5.4.apk,com.bumptech.glide.manager
2023-06-05 11:24:14,土巴兔销售_2.5.4.apk,com.bumptech.glide.module
2023-06-05 11:24:14,土巴兔销售_2.5.4.apk,com.bumptech.glide.provider
2023-06-05 11:24:14,土巴兔销售_2.5.4.apk,com.bumptech.glide.request
2023-06-05 11:24:14,土巴兔销售_2.5.4.apk,com.bumptech.glide.request.target
2023-06-05 11:24:14,土巴兔销售_2.5.4.apk,com.bumptech.glide.request.transition
2023-06-05 11:24:14,土巴兔销售_2.5.4.apk,com.bumptech.glide.signature
2023-06-05 11:24:14,土巴兔销售_2.5.4.apk,com.bumptech.glide.util
2023-06-05 11:24:14,土巴兔销售_2.5.4.apk,com.bumptech.glide.util.pool
2023-06-05 11:24:14,土巴兔销售_2.5.4.apk,com.bun.lib
2023-06-05 11:24:14,土巴兔销售_2.5.4.apk,com.bun.miitmdid
2023-06-05 11:24:14,土巴兔销售_2.5.4.apk,com.bun.miitmdid.core
2023-06-05 11:24:14,土巴兔销售_2.5.4.apk,com.bun.miitmdid.interfaces
2023-06-05 11:24:14,土巴兔销售_2.5.4.apk,com.bun.miitmdid.pojo
2023-06-05 11:24:14,土巴兔销售_2.5.4.apk,com.chad.library
2023-06-05 11:24:14,土巴兔销售_2.5.4.apk,com.chad.library.adapter.base
2023-06-05 11:24:14,土巴兔销售_2.5.4.apk,com.chad.library.adapter.base.animation
2023-06-05 11:24:14,土巴兔销售_2.5.4.apk,com.chad.library.adapter.base.binder
2023-06-05 11:24:14,土巴兔销售_2.5.4.apk,com.chad.library.adapter.base.delegate
2023-06-05 11:24:14,土巴兔销售_2.5.4.apk,com.chad.library.adapter.base.diff
2023-06-05 11:24:14,土巴兔销售_2.5.4.apk,com.chad.library.adapter.base.dragswipe
2023-06-05 11:24:14,土巴兔销售_2.5.4.apk,com.chad.library.adapter.base.entity
2023-06-05 11:24:14,土巴兔销售_2.5.4.apk,com.chad.library.adapter.base.entity.node
2023-06-05 11:24:14,土巴兔销售_2.5.4.apk,com.chad.library.adapter.base.listener
2023-06-05 11:24:14,土巴兔销售_2.5.4.apk,com.chad.library.adapter.base.loadmore
2023-06-05 11:24:14,土巴兔销售_2.5.4.apk,com.chad.library.adapter.base.module
2023-06-05 11:24:14,土巴兔销售_2.5.4.apk,com.chad.library.adapter.base.provider
2023-06-05 11:24:14,土巴兔销售_2.5.4.apk,com.chad.library.adapter.base.util
2023-06-05 11:24:14,土巴兔销售_2.5.4.apk,com.chad.library.adapter.base.viewholder
2023-06-05 11:24:14,土巴兔销售_2.5.4.apk,com.coolpad.deviceidsupport
2023-06-05 11:24:14,土巴兔销售_2.5.4.apk,com.google.android.material
2023-06-05 11:24:14,土巴兔销售_2.5.4.apk,com.google.android.material.animation
2023-06-05 11:24:14,土巴兔销售_2.5.4.apk,com.google.android.material.appbar
2023-06-05 11:24:14,土巴兔销售_2.5.4.apk,com.google.android.material.badge
2023-06-05 11:24:14,土巴兔销售_2.5.4.apk,com.google.android.material.behavior
2023-06-05 11:24:14,土巴兔销售_2.5.4.apk,com.google.android.material.bottomsheet
2023-06-05 11:24:14,土巴兔销售_2.5.4.apk,com.google.android.material.button
2023-06-05 11:24:14,土巴兔销售_2.5.4.apk,com.google.android.material.canvas
2023-06-05 11:24:14,土巴兔销售_2.5.4.apk,com.google.android.material.card
2023-06-05 11:24:14,土巴兔销售_2.5.4.apk,com.google.android.material.checkbox
2023-06-05 11:24:14,土巴兔销售_2.5.4.apk,com.google.android.material.chip
2023-06-05 11:24:14,土巴兔销售_2.5.4.apk,com.google.android.material.circularreveal
2023-06-05 11:24:14,土巴兔销售_2.5.4.apk,com.google.android.material.circularreveal.cardview
2023-06-05 11:24:14,土巴兔销售_2.5.4.apk,com.google.android.material.color
2023-06-05 11:24:14,土巴兔销售_2.5.4.apk,com.google.android.material.datepicker
2023-06-05 11:24:14,土巴兔销售_2.5.4.apk,com.google.android.material.dialog
2023-06-05 11:24:14,土巴兔销售_2.5.4.apk,com.google.android.material.drawable
2023-06-05 11:24:14,土巴兔销售_2.5.4.apk,com.google.android.material.elevation
2023-06-05 11:24:14,土巴兔销售_2.5.4.apk,com.google.android.material.expandable
2023-06-05 11:24:14,土巴兔销售_2.5.4.apk,com.google.android.material.floatingactionbutton
2023-06-05 11:24:14,土巴兔销售_2.5.4.apk,com.google.android.material.internal
2023-06-05 11:24:14,土巴兔销售_2.5.4.apk,com.google.android.material.math
2023-06-05 11:24:14,土巴兔销售_2.5.4.apk,com.google.android.material.navigation
2023-06-05 11:24:14,土巴兔销售_2.5.4.apk,com.google.android.material.progressindicator
2023-06-05 11:24:14,土巴兔销售_2.5.4.apk,com.google.android.material.radiobutton
2023-06-05 11:24:14,土巴兔销售_2.5.4.apk,com.google.android.material.resources
2023-06-05 11:24:14,土巴兔销售_2.5.4.apk,com.google.android.material.ripple
2023-06-05 11:24:14,土巴兔销售_2.5.4.apk,com.google.android.material.shadow
2023-06-05 11:24:14,土巴兔销售_2.5.4.apk,com.google.android.material.shape
2023-06-05 11:24:14,土巴兔销售_2.5.4.apk,com.google.android.material.slider
2023-06-05 11:24:14,土巴兔销售_2.5.4.apk,com.google.android.material.snackbar
2023-06-05 11:24:14,土巴兔销售_2.5.4.apk,com.google.android.material.stateful
2023-06-05 11:24:14,土巴兔销售_2.5.4.apk,com.google.android.material.tabs
2023-06-05 11:24:14,土巴兔销售_2.5.4.apk,com.google.android.material.textfield
2023-06-05 11:24:14,土巴兔销售_2.5.4.apk,com.google.android.material.textview
2023-06-05 11:24:14,土巴兔销售_2.5.4.apk,com.google.android.material.theme.overlay
2023-06-05 11:24:14,土巴兔销售_2.5.4.apk,com.google.android.material.timepicker
2023-06-05 11:24:14,土巴兔销售_2.5.4.apk,com.google.android.material.tooltip
2023-06-05 11:24:14,土巴兔销售_2.5.4.apk,com.google.android.material.transformation
2023-06-05 11:24:14,土巴兔销售_2.5.4.apk,com.google.android.material.transition
2023-06-05 11:24:14,土巴兔销售_2.5.4.apk,com.google.android.material.transition.platform
2023-06-05 11:24:14,土巴兔销售_2.5.4.apk,com.google.common.util.concurrent
2023-06-05 11:24:14,土巴兔销售_2.5.4.apk,com.google.gson
2023-06-05 11:24:14,土巴兔销售_2.5.4.apk,com.google.gson.annotations
2023-06-05 11:24:14,土巴兔销售_2.5.4.apk,com.google.gson.internal
2023-06-05 11:24:14,土巴兔销售_2.5.4.apk,com.google.gson.internal.bind
2023-06-05 11:24:14,土巴兔销售_2.5.4.apk,com.google.gson.internal.bind.util
2023-06-05 11:24:14,土巴兔销售_2.5.4.apk,com.google.gson.internal.reflect
2023-06-05 11:24:14,土巴兔销售_2.5.4.apk,com.google.gson.reflect
2023-06-05 11:24:14,土巴兔销售_2.5.4.apk,com.google.gson.stream
2023-06-05 11:24:14,土巴兔销售_2.5.4.apk,com.google.zxing
2023-06-05 11:24:14,土巴兔销售_2.5.4.apk,com.google.zxing.aztec
2023-06-05 11:24:14,土巴兔销售_2.5.4.apk,com.google.zxing.aztec.decoder
2023-06-05 11:24:14,土巴兔销售_2.5.4.apk,com.google.zxing.aztec.detector
2023-06-05 11:24:14,土巴兔销售_2.5.4.apk,com.google.zxing.aztec.encoder
2023-06-05 11:24:14,土巴兔销售_2.5.4.apk,com.google.zxing.client.result
2023-06-05 11:24:14,土巴兔销售_2.5.4.apk,com.google.zxing.common
2023-06-05 11:24:14,土巴兔销售_2.5.4.apk,com.google.zxing.common.detector
2023-06-05 11:24:14,土巴兔销售_2.5.4.apk,com.google.zxing.common.reedsolomon
2023-06-05 11:24:14,土巴兔销售_2.5.4.apk,com.google.zxing.datamatrix
2023-06-05 11:24:14,土巴兔销售_2.5.4.apk,com.google.zxing.datamatrix.decoder
2023-06-05 11:24:14,土巴兔销售_2.5.4.apk,com.google.zxing.datamatrix.detector
2023-06-05 11:24:14,土巴兔销售_2.5.4.apk,com.google.zxing.datamatrix.encoder
2023-06-05 11:24:14,土巴兔销售_2.5.4.apk,com.google.zxing.maxicode
2023-06-05 11:24:14,土巴兔销售_2.5.4.apk,com.google.zxing.maxicode.decoder
2023-06-05 11:24:14,土巴兔销售_2.5.4.apk,com.google.zxing.multi
2023-06-05 11:24:14,土巴兔销售_2.5.4.apk,com.google.zxing.multi.qrcode.detector
2023-06-05 11:24:14,土巴兔销售_2.5.4.apk,com.google.zxing.oned
2023-06-05 11:24:14,土巴兔销售_2.5.4.apk,com.google.zxing.oned.rss
2023-06-05 11:24:14,土巴兔销售_2.5.4.apk,com.google.zxing.oned.rss.expanded
2023-06-05 11:24:14,土巴兔销售_2.5.4.apk,com.google.zxing.oned.rss.expanded.decoders
2023-06-05 11:24:14,土巴兔销售_2.5.4.apk,com.google.zxing.pdf417
2023-06-05 11:24:14,土巴兔销售_2.5.4.apk,com.google.zxing.pdf417.decoder
2023-06-05 11:24:14,土巴兔销售_2.5.4.apk,com.google.zxing.pdf417.decoder.ec
2023-06-05 11:24:14,土巴兔销售_2.5.4.apk,com.google.zxing.pdf417.detector
2023-06-05 11:24:14,土巴兔销售_2.5.4.apk,com.google.zxing.pdf417.encoder
2023-06-05 11:24:14,土巴兔销售_2.5.4.apk,com.google.zxing.qrcode
2023-06-05 11:24:14,土巴兔销售_2.5.4.apk,com.google.zxing.qrcode.decoder
2023-06-05 11:24:14,土巴兔销售_2.5.4.apk,com.google.zxing.qrcode.detector
2023-06-05 11:24:14,土巴兔销售_2.5.4.apk,com.google.zxing.qrcode.encoder
2023-06-05 11:24:14,土巴兔销售_2.5.4.apk,com.haibin.calendarview
2023-06-05 11:24:14,土巴兔销售_2.5.4.apk,com.heytap.openid.bean
2023-06-05 11:24:14,土巴兔销售_2.5.4.apk,com.heytap.openid.sdk
2023-06-05 11:24:14,土巴兔销售_2.5.4.apk,com.luck.picture.lib
2023-06-05 11:24:14,土巴兔销售_2.5.4.apk,com.luck.picture.lib.adapter
2023-06-05 11:24:14,土巴兔销售_2.5.4.apk,com.luck.picture.lib.animators
2023-06-05 11:24:14,土巴兔销售_2.5.4.apk,com.luck.picture.lib.app
2023-06-05 11:24:14,土巴兔销售_2.5.4.apk,com.luck.picture.lib.broadcast
2023-06-05 11:24:14,土巴兔销售_2.5.4.apk,com.luck.picture.lib.camera
2023-06-05 11:24:14,土巴兔销售_2.5.4.apk,com.luck.picture.lib.camera.listener
2023-06-05 11:24:14,土巴兔销售_2.5.4.apk,com.luck.picture.lib.camera.view
2023-06-05 11:24:14,土巴兔销售_2.5.4.apk,com.luck.picture.lib.compress
2023-06-05 11:24:14,土巴兔销售_2.5.4.apk,com.luck.picture.lib.config
2023-06-05 11:24:14,土巴兔销售_2.5.4.apk,com.luck.picture.lib.decoration
2023-06-05 11:24:14,土巴兔销售_2.5.4.apk,com.luck.picture.lib.dialog
2023-06-05 11:24:14,土巴兔销售_2.5.4.apk,com.luck.picture.lib.engine
2023-06-05 11:24:14,土巴兔销售_2.5.4.apk,com.luck.picture.lib.entity
2023-06-05 11:24:14,土巴兔销售_2.5.4.apk,com.luck.picture.lib.immersive
2023-06-05 11:24:14,土巴兔销售_2.5.4.apk,com.luck.picture.lib.language
2023-06-05 11:24:14,土巴兔销售_2.5.4.apk,com.luck.picture.lib.listener
2023-06-05 11:24:14,土巴兔销售_2.5.4.apk,com.luck.picture.lib.manager
2023-06-05 11:24:14,土巴兔销售_2.5.4.apk,com.luck.picture.lib.model
2023-06-05 11:24:14,土巴兔销售_2.5.4.apk,com.luck.picture.lib.observable
2023-06-05 11:24:14,土巴兔销售_2.5.4.apk,com.luck.picture.lib.permissions
2023-06-05 11:24:14,土巴兔销售_2.5.4.apk,com.luck.picture.lib.photoview
2023-06-05 11:24:14,土巴兔销售_2.5.4.apk,com.luck.picture.lib.style
2023-06-05 11:24:14,土巴兔销售_2.5.4.apk,com.luck.picture.lib.thread
2023-06-05 11:24:14,土巴兔销售_2.5.4.apk,com.luck.picture.lib.tools
2023-06-05 11:24:14,土巴兔销售_2.5.4.apk,com.luck.picture.lib.widget
2023-06-05 11:24:14,土巴兔销售_2.5.4.apk,com.luck.picture.lib.widget.longimage
2023-06-05 11:24:14,土巴兔销售_2.5.4.apk,com.samsung.android.deviceidservice
2023-06-05 11:24:14,土巴兔销售_2.5.4.apk,com.teamui.tmui.common
2023-06-05 11:24:14,土巴兔销售_2.5.4.apk,com.teamui.tmui.common.actionbar
2023-06-05 11:24:14,土巴兔销售_2.5.4.apk,com.teamui.tmui.common.pagestatus
2023-06-05 11:24:14,土巴兔销售_2.5.4.apk,com.teamui.tmui.common.pickerview.adapter
2023-06-05 11:24:14,土巴兔销售_2.5.4.apk,com.teamui.tmui.common.pickerview.configure
2023-06-05 11:24:14,土巴兔销售_2.5.4.apk,com.teamui.tmui.common.pickerview.listener
2023-06-05 11:24:14,土巴兔销售_2.5.4.apk,com.teamui.tmui.common.pickerview.utils
2023-06-05 11:24:14,土巴兔销售_2.5.4.apk,com.teamui.tmui.common.pickerview.view
2023-06-05 11:24:14,土巴兔销售_2.5.4.apk,com.teamui.tmui.common.pickerview.wheelview.adapter
2023-06-05 11:24:14,土巴兔销售_2.5.4.apk,com.teamui.tmui.common.pickerview.wheelview.interfaces
2023-06-05 11:24:14,土巴兔销售_2.5.4.apk,com.teamui.tmui.common.pickerview.wheelview.listener
2023-06-05 11:24:14,土巴兔销售_2.5.4.apk,com.teamui.tmui.common.pickerview.wheelview.timer
2023-06-05 11:24:14,土巴兔销售_2.5.4.apk,com.teamui.tmui.common.pickerview.wheelview.view
2023-06-05 11:24:14,土巴兔销售_2.5.4.apk,com.teamui.tmui.common.utils
2023-06-05 11:24:14,土巴兔销售_2.5.4.apk,com.tencent.bugly
2023-06-05 11:24:14,土巴兔销售_2.5.4.apk,com.tencent.bugly.beta
2023-06-05 11:24:14,土巴兔销售_2.5.4.apk,com.tencent.bugly.beta.download
2023-06-05 11:24:14,土巴兔销售_2.5.4.apk,com.tencent.bugly.beta.global
2023-06-05 11:24:14,土巴兔销售_2.5.4.apk,com.tencent.bugly.beta.interfaces
2023-06-05 11:24:14,土巴兔销售_2.5.4.apk,com.tencent.bugly.beta.tinker
2023-06-05 11:24:14,土巴兔销售_2.5.4.apk,com.tencent.bugly.beta.ui
2023-06-05 11:24:14,土巴兔销售_2.5.4.apk,com.tencent.bugly.beta.upgrade
2023-06-05 11:24:14,土巴兔销售_2.5.4.apk,com.tencent.bugly.beta.utils
2023-06-05 11:24:14,土巴兔销售_2.5.4.apk,com.tencent.bugly.crashreport
2023-06-05 11:24:14,土巴兔销售_2.5.4.apk,com.tencent.bugly.crashreport.biz
2023-06-05 11:24:14,土巴兔销售_2.5.4.apk,com.tencent.bugly.crashreport.common.info
2023-06-05 11:24:14,土巴兔销售_2.5.4.apk,com.tencent.bugly.crashreport.common.strategy
2023-06-05 11:24:14,土巴兔销售_2.5.4.apk,com.tencent.bugly.crashreport.crash
2023-06-05 11:24:14,土巴兔销售_2.5.4.apk,com.tencent.bugly.crashreport.crash.anr
2023-06-05 11:24:14,土巴兔销售_2.5.4.apk,com.tencent.bugly.crashreport.crash.h5
2023-06-05 11:24:14,土巴兔销售_2.5.4.apk,com.tencent.bugly.crashreport.crash.jni
2023-06-05 11:24:14,土巴兔销售_2.5.4.apk,com.tencent.bugly.crashreport.inner
2023-06-05 11:24:14,土巴兔销售_2.5.4.apk,com.tencent.bugly.proguard
2023-06-05 11:24:14,土巴兔销售_2.5.4.apk,com.tencent.mars.xlog
2023-06-05 11:24:14,土巴兔销售_2.5.4.apk,com.tencent.mmkv
2023-06-05 11:24:14,土巴兔销售_2.5.4.apk,com.tencent.tinker.entry
2023-06-05 11:24:14,土巴兔销售_2.5.4.apk,com.tencent.tinker.lib.library
2023-06-05 11:24:14,土巴兔销售_2.5.4.apk,com.tencent.tinker.lib.listener
2023-06-05 11:24:14,土巴兔销售_2.5.4.apk,com.tencent.tinker.lib.patch
2023-06-05 11:24:14,土巴兔销售_2.5.4.apk,com.tencent.tinker.lib.reporter
2023-06-05 11:24:14,土巴兔销售_2.5.4.apk,com.tencent.tinker.lib.service
2023-06-05 11:24:14,土巴兔销售_2.5.4.apk,com.tencent.tinker.lib.tinker
2023-06-05 11:24:14,土巴兔销售_2.5.4.apk,com.tencent.tinker.lib.util
2023-06-05 11:24:14,土巴兔销售_2.5.4.apk,com.tencent.tinker.loader
2023-06-05 11:24:14,土巴兔销售_2.5.4.apk,com.tencent.tinker.loader.app
2023-06-05 11:24:14,土巴兔销售_2.5.4.apk,com.tencent.tinker.loader.shareutil
2023-06-05 11:24:14,土巴兔销售_2.5.4.apk,com.tmuiteam.tmui
2023-06-05 11:24:14,土巴兔销售_2.5.4.apk,com.tmuiteam.tmui.alpha
2023-06-05 11:24:14,土巴兔销售_2.5.4.apk,com.tmuiteam.tmui.base
2023-06-05 11:24:14,土巴兔销售_2.5.4.apk,com.tmuiteam.tmui.color
2023-06-05 11:24:14,土巴兔销售_2.5.4.apk,com.tmuiteam.tmui.layout
2023-06-05 11:24:14,土巴兔销售_2.5.4.apk,com.tmuiteam.tmui.link
2023-06-05 11:24:14,土巴兔销售_2.5.4.apk,com.tmuiteam.tmui.load.indicators
2023-06-05 11:24:14,土巴兔销售_2.5.4.apk,com.tmuiteam.tmui.span
2023-06-05 11:24:14,土巴兔销售_2.5.4.apk,com.tmuiteam.tmui.util
2023-06-05 11:24:14,土巴兔销售_2.5.4.apk,com.tmuiteam.tmui.widget
2023-06-05 11:24:14,土巴兔销售_2.5.4.apk,com.tmuiteam.tmui.widget.dialog
2023-06-05 11:24:14,土巴兔销售_2.5.4.apk,com.tmuiteam.tmui.widget.round
2023-06-05 11:24:14,土巴兔销售_2.5.4.apk,com.tmuiteam.tmui.widget.textview
2023-06-05 11:24:14,土巴兔销售_2.5.4.apk,com.to8to.annotation_kotlin
2023-06-05 11:24:14,土巴兔销售_2.5.4.apk,com.to8to.code
2023-06-05 11:24:14,土巴兔销售_2.5.4.apk,com.to8to.market
2023-06-05 11:24:14,土巴兔销售_2.5.4.apk,com.to8to.market.activity
2023-06-05 11:24:14,土巴兔销售_2.5.4.apk,com.to8to.market.adapter
2023-06-05 11:24:14,土巴兔销售_2.5.4.apk,com.to8to.market.amap.location
2023-06-05 11:24:14,土巴兔销售_2.5.4.apk,com.to8to.market.amap.location.callback
2023-06-05 11:24:14,土巴兔销售_2.5.4.apk,com.to8to.market.amap.map
2023-06-05 11:24:14,土巴兔销售_2.5.4.apk,com.to8to.market.base
2023-06-05 11:24:14,土巴兔销售_2.5.4.apk,com.to8to.market.common
2023-06-05 11:24:14,土巴兔销售_2.5.4.apk,com.to8to.market.dialog
2023-06-05 11:24:14,土巴兔销售_2.5.4.apk,com.to8to.market.model
2023-06-05 11:24:14,土巴兔销售_2.5.4.apk,com.to8to.market.record
2023-06-05 11:24:14,土巴兔销售_2.5.4.apk,com.to8to.market.repository
2023-06-05 11:24:14,土巴兔销售_2.5.4.apk,com.to8to.market.repository.base
2023-06-05 11:24:14,土巴兔销售_2.5.4.apk,com.to8to.market.util
2023-06-05 11:24:14,土巴兔销售_2.5.4.apk,com.to8to.market.view
2023-06-05 11:24:14,土巴兔销售_2.5.4.apk,com.to8to.recorder.listener
2023-06-05 11:24:14,土巴兔销售_2.5.4.apk,com.to8to.recorder.manager
2023-06-05 11:24:14,土巴兔销售_2.5.4.apk,com.to8to.recorder.service
2023-06-05 11:24:14,土巴兔销售_2.5.4.apk,com.to8to.supreme.sdk.imageloader
2023-06-05 11:24:14,土巴兔销售_2.5.4.apk,com.to8to.supreme.sdk.imageloader.core
2023-06-05 11:24:14,土巴兔销售_2.5.4.apk,com.to8to.supreme.sdk.imageloader.debug
2023-06-05 11:24:14,土巴兔销售_2.5.4.apk,com.to8to.supreme.sdk.imageloader.listener
2023-06-05 11:24:14,土巴兔销售_2.5.4.apk,com.to8to.supreme.sdk.imageloader.progress
2023-06-05 11:24:14,土巴兔销售_2.5.4.apk,com.to8to.supreme.sdk.imageloader.provider
2023-06-05 11:24:14,土巴兔销售_2.5.4.apk,com.to8to.supreme.sdk.imageloader.target
2023-06-05 11:24:14,土巴兔销售_2.5.4.apk,com.to8to.supreme.sdk.imageloader.transform
2023-06-05 11:24:14,土巴兔销售_2.5.4.apk,com.to8to.supreme.sdk.imageloader.transition
2023-06-05 11:24:14,土巴兔销售_2.5.4.apk,com.to8to.supreme.sdk.imageloader.utils
2023-06-05 11:24:14,土巴兔销售_2.5.4.apk,com.to8to.supreme.sdk.log
2023-06-05 11:24:14,土巴兔销售_2.5.4.apk,com.to8to.supreme.sdk.log.logger
2023-06-05 11:24:14,土巴兔销售_2.5.4.apk,com.to8to.supreme.sdk.net
2023-06-05 11:24:14,土巴兔销售_2.5.4.apk,com.to8to.supreme.sdk.net.annotation
2023-06-05 11:24:14,土巴兔销售_2.5.4.apk,com.to8to.supreme.sdk.net.cache
2023-06-05 11:24:14,土巴兔销售_2.5.4.apk,com.to8to.supreme.sdk.net.cache.interceptor
2023-06-05 11:24:14,土巴兔销售_2.5.4.apk,com.to8to.supreme.sdk.net.callback
2023-06-05 11:24:14,土巴兔销售_2.5.4.apk,com.to8to.supreme.sdk.net.core
2023-06-05 11:24:14,土巴兔销售_2.5.4.apk,com.to8to.supreme.sdk.net.factory
2023-06-05 11:24:14,土巴兔销售_2.5.4.apk,com.to8to.supreme.sdk.net.interceptor
2023-06-05 11:24:14,土巴兔销售_2.5.4.apk,com.to8to.supreme.sdk.net.lifecycle
2023-06-05 11:24:14,土巴兔销售_2.5.4.apk,com.to8to.supreme.sdk.net.okhttp
2023-06-05 11:24:14,土巴兔销售_2.5.4.apk,com.to8to.supreme.sdk.net.to8tosupport
2023-06-05 11:24:14,土巴兔销售_2.5.4.apk,com.to8to.supreme.sdk.net.to8tosupport.client
2023-06-05 11:24:14,土巴兔销售_2.5.4.apk,com.to8to.supreme.sdk.net.to8tosupport.interceptor
2023-06-05 11:24:14,土巴兔销售_2.5.4.apk,com.to8to.supreme.sdk.net.to8tosupport.java
2023-06-05 11:24:14,土巴兔销售_2.5.4.apk,com.to8to.supreme.sdk.net.utils
2023-06-05 11:24:14,土巴兔销售_2.5.4.apk,com.to8to.supreme.sdk.permission
2023-06-05 11:24:14,土巴兔销售_2.5.4.apk,com.to8to.supreme.sdk.permission.callback
2023-06-05 11:24:14,土巴兔销售_2.5.4.apk,com.to8to.supreme.sdk.permission.databinding
2023-06-05 11:24:14,土巴兔销售_2.5.4.apk,com.to8to.supreme.sdk.permission.dialog
2023-06-05 11:24:14,土巴兔销售_2.5.4.apk,com.to8to.supreme.sdk.permission.request
2023-06-05 11:24:14,土巴兔销售_2.5.4.apk,com.to8to.supreme.sdk.update
2023-06-05 11:24:14,土巴兔销售_2.5.4.apk,com.to8to.supreme.sdk.update.databinding
2023-06-05 11:24:14,土巴兔销售_2.5.4.apk,com.to8to.supreme.sdk.update.dialog
2023-06-05 11:24:14,土巴兔销售_2.5.4.apk,com.to8to.supreme.sdk.upload
2023-06-05 11:24:14,土巴兔销售_2.5.4.apk,com.to8to.supreme.sdk.upload.bean
2023-06-05 11:24:14,土巴兔销售_2.5.4.apk,com.to8to.supreme.sdk.upload.util
2023-06-05 11:24:14,土巴兔销售_2.5.4.apk,com.to8to.supreme.sdk.utils
2023-06-05 11:24:14,土巴兔销售_2.5.4.apk,com.to8to.supreme.sdk.utils.constants
2023-06-05 11:24:14,土巴兔销售_2.5.4.apk,com.to8to.supreme.sdk.utils.helper
2023-06-05 11:24:14,土巴兔销售_2.5.4.apk,com.to8to.tianeye
2023-06-05 11:24:14,土巴兔销售_2.5.4.apk,com.to8to.tianeye.annotation
2023-06-05 11:24:14,土巴兔销售_2.5.4.apk,com.to8to.tianeye.arch
2023-06-05 11:24:14,土巴兔销售_2.5.4.apk,com.to8to.tianeye.core
2023-06-05 11:24:14,土巴兔销售_2.5.4.apk,com.to8to.tianeye.event
2023-06-05 11:24:14,土巴兔销售_2.5.4.apk,com.to8to.tianeye.exeception
2023-06-05 11:24:14,土巴兔销售_2.5.4.apk,com.to8to.tianeye.fragment
2023-06-05 11:24:14,土巴兔销售_2.5.4.apk,com.to8to.tianeye.internal
2023-06-05 11:24:14,土巴兔销售_2.5.4.apk,com.to8to.tianeye.util
2023-06-05 11:24:14,土巴兔销售_2.5.4.apk,com.to8to.tianeye.watchdog
2023-06-05 11:24:14,土巴兔销售_2.5.4.apk,com.umeng.analytics
2023-06-05 11:24:14,土巴兔销售_2.5.4.apk,com.umeng.analytics.pro
2023-06-05 11:24:14,土巴兔销售_2.5.4.apk,com.umeng.analytics.process
2023-06-05 11:24:14,土巴兔销售_2.5.4.apk,com.umeng.analytics.vshelper
2023-06-05 11:24:14,土巴兔销售_2.5.4.apk,com.umeng.common
2023-06-05 11:24:14,土巴兔销售_2.5.4.apk,com.umeng.commonsdk
2023-06-05 11:24:14,土巴兔销售_2.5.4.apk,com.umeng.commonsdk.config
2023-06-05 11:24:14,土巴兔销售_2.5.4.apk,com.umeng.commonsdk.debug
2023-06-05 11:24:14,土巴兔销售_2.5.4.apk,com.umeng.commonsdk.framework
2023-06-05 11:24:14,土巴兔销售_2.5.4.apk,com.umeng.commonsdk.internal
2023-06-05 11:24:14,土巴兔销售_2.5.4.apk,com.umeng.commonsdk.internal.crash
2023-06-05 11:24:14,土巴兔销售_2.5.4.apk,com.umeng.commonsdk.internal.utils
2023-06-05 11:24:14,土巴兔销售_2.5.4.apk,com.umeng.commonsdk.listener
2023-06-05 11:24:14,土巴兔销售_2.5.4.apk,com.umeng.commonsdk.service
2023-06-05 11:24:14,土巴兔销售_2.5.4.apk,com.umeng.commonsdk.stateless
2023-06-05 11:24:14,土巴兔销售_2.5.4.apk,com.umeng.commonsdk.statistics
2023-06-05 11:24:14,土巴兔销售_2.5.4.apk,com.umeng.commonsdk.statistics.common
2023-06-05 11:24:14,土巴兔销售_2.5.4.apk,com.umeng.commonsdk.statistics.idtracking
2023-06-05 11:24:14,土巴兔销售_2.5.4.apk,com.umeng.commonsdk.statistics.internal
2023-06-05 11:24:14,土巴兔销售_2.5.4.apk,com.umeng.commonsdk.statistics.noise
2023-06-05 11:24:14,土巴兔销售_2.5.4.apk,com.umeng.commonsdk.statistics.proto
2023-06-05 11:24:14,土巴兔销售_2.5.4.apk,com.umeng.commonsdk.utils
2023-06-05 11:24:14,土巴兔销售_2.5.4.apk,com.umeng.tunnel
2023-06-05 11:24:14,土巴兔销售_2.5.4.apk,com.umeng.vt.diff.util
2023-06-05 11:24:14,土巴兔销售_2.5.4.apk,com.yalantis.ucrop
2023-06-05 11:24:14,土巴兔销售_2.5.4.apk,com.yalantis.ucrop.callback
2023-06-05 11:24:14,土巴兔销售_2.5.4.apk,com.yalantis.ucrop.immersion
2023-06-05 11:24:14,土巴兔销售_2.5.4.apk,com.yalantis.ucrop.model
2023-06-05 11:24:14,土巴兔销售_2.5.4.apk,com.yalantis.ucrop.task
2023-06-05 11:24:14,土巴兔销售_2.5.4.apk,com.yalantis.ucrop.util
2023-06-05 11:24:14,土巴兔销售_2.5.4.apk,com.yalantis.ucrop.view
2023-06-05 11:24:14,土巴兔销售_2.5.4.apk,com.yalantis.ucrop.view.widget
2023-06-05 11:24:14,土巴兔销售_2.5.4.apk,com.zui.deviceidservice
2023-06-05 11:24:14,土巴兔销售_2.5.4.apk,com.zui.opendeviceidlibrary
2023-06-05 11:24:14,土巴兔销售_2.5.4.apk,io.reactivex
2023-06-05 11:24:14,土巴兔销售_2.5.4.apk,io.reactivex.android.plugins
2023-06-05 11:24:14,土巴兔销售_2.5.4.apk,io.reactivex.android.schedulers
2023-06-05 11:24:14,土巴兔销售_2.5.4.apk,io.reactivex.annotations
2023-06-05 11:24:14,土巴兔销售_2.5.4.apk,io.reactivex.disposables
2023-06-05 11:24:14,土巴兔销售_2.5.4.apk,io.reactivex.exceptions
2023-06-05 11:24:14,土巴兔销售_2.5.4.apk,io.reactivex.flowables
2023-06-05 11:24:14,土巴兔销售_2.5.4.apk,io.reactivex.functions
2023-06-05 11:24:14,土巴兔销售_2.5.4.apk,io.reactivex.internal.disposables
2023-06-05 11:24:14,土巴兔销售_2.5.4.apk,io.reactivex.internal.functions
2023-06-05 11:24:14,土巴兔销售_2.5.4.apk,io.reactivex.internal.fuseable
2023-06-05 11:24:14,土巴兔销售_2.5.4.apk,io.reactivex.internal.observers
2023-06-05 11:24:14,土巴兔销售_2.5.4.apk,io.reactivex.internal.operators.completable
2023-06-05 11:24:14,土巴兔销售_2.5.4.apk,io.reactivex.internal.operators.flowable
2023-06-05 11:24:14,土巴兔销售_2.5.4.apk,io.reactivex.internal.operators.maybe
2023-06-05 11:24:14,土巴兔销售_2.5.4.apk,io.reactivex.internal.operators.mixed
2023-06-05 11:24:14,土巴兔销售_2.5.4.apk,io.reactivex.internal.operators.observable
2023-06-05 11:24:14,土巴兔销售_2.5.4.apk,io.reactivex.internal.operators.parallel
2023-06-05 11:24:14,土巴兔销售_2.5.4.apk,io.reactivex.internal.operators.single
2023-06-05 11:24:14,土巴兔销售_2.5.4.apk,io.reactivex.internal.queue
2023-06-05 11:24:14,土巴兔销售_2.5.4.apk,io.reactivex.internal.schedulers
2023-06-05 11:24:14,土巴兔销售_2.5.4.apk,io.reactivex.internal.subscribers
2023-06-05 11:24:14,土巴兔销售_2.5.4.apk,io.reactivex.internal.subscriptions
2023-06-05 11:24:14,土巴兔销售_2.5.4.apk,io.reactivex.internal.util
2023-06-05 11:24:14,土巴兔销售_2.5.4.apk,io.reactivex.observables
2023-06-05 11:24:14,土巴兔销售_2.5.4.apk,io.reactivex.observers
2023-06-05 11:24:14,土巴兔销售_2.5.4.apk,io.reactivex.parallel
2023-06-05 11:24:14,土巴兔销售_2.5.4.apk,io.reactivex.plugins
2023-06-05 11:24:14,土巴兔销售_2.5.4.apk,io.reactivex.processors
2023-06-05 11:24:14,土巴兔销售_2.5.4.apk,io.reactivex.schedulers
2023-06-05 11:24:14,土巴兔销售_2.5.4.apk,io.reactivex.subjects
2023-06-05 11:24:14,土巴兔销售_2.5.4.apk,io.reactivex.subscribers
2023-06-05 11:24:14,土巴兔销售_2.5.4.apk,kotlinx.coroutines
2023-06-05 11:24:14,土巴兔销售_2.5.4.apk,kotlinx.coroutines.channels
2023-06-05 11:24:14,土巴兔销售_2.5.4.apk,kotlinx.coroutines.debug
2023-06-05 11:24:14,土巴兔销售_2.5.4.apk,kotlinx.coroutines.debug.internal
2023-06-05 11:24:14,土巴兔销售_2.5.4.apk,kotlinx.coroutines.flow
2023-06-05 11:24:14,土巴兔销售_2.5.4.apk,kotlinx.coroutines.flow.internal
2023-06-05 11:24:14,土巴兔销售_2.5.4.apk,kotlinx.coroutines.internal
2023-06-05 11:24:14,土巴兔销售_2.5.4.apk,kotlinx.coroutines.intrinsics
2023-06-05 11:24:14,土巴兔销售_2.5.4.apk,kotlinx.coroutines.scheduling
2023-06-05 11:24:14,土巴兔销售_2.5.4.apk,kotlinx.coroutines.selects
2023-06-05 11:24:14,土巴兔销售_2.5.4.apk,kotlinx.coroutines.sync
2023-06-05 11:24:14,土巴兔销售_2.5.4.apk,kotlinx.coroutines.test
2023-06-05 11:24:14,土巴兔销售_2.5.4.apk,net.lucode.hackware.magicindicator
2023-06-05 11:24:14,土巴兔销售_2.5.4.apk,net.lucode.hackware.magicindicator.abs
2023-06-05 11:24:14,土巴兔销售_2.5.4.apk,net.lucode.hackware.magicindicator.buildins
2023-06-05 11:24:14,土巴兔销售_2.5.4.apk,net.lucode.hackware.magicindicator.buildins.commonnavigator
2023-06-05 11:24:14,土巴兔销售_2.5.4.apk,net.lucode.hackware.magicindicator.buildins.commonnavigator.abs
2023-06-05 11:24:14,土巴兔销售_2.5.4.apk,net.lucode.hackware.magicindicator.buildins.commonnavigator.indicators
2023-06-05 11:24:14,土巴兔销售_2.5.4.apk,net.lucode.hackware.magicindicator.buildins.commonnavigator.model
2023-06-05 11:24:14,土巴兔销售_2.5.4.apk,net.lucode.hackware.magicindicator.buildins.commonnavigator.titles
2023-06-05 11:24:14,土巴兔销售_2.5.4.apk,okhttp3
2023-06-05 11:24:14,土巴兔销售_2.5.4.apk,okhttp3.internal
2023-06-05 11:24:14,土巴兔销售_2.5.4.apk,okhttp3.internal.cache
2023-06-05 11:24:14,土巴兔销售_2.5.4.apk,okhttp3.internal.connection
2023-06-05 11:24:14,土巴兔销售_2.5.4.apk,okhttp3.internal.http
2023-06-05 11:24:14,土巴兔销售_2.5.4.apk,okhttp3.internal.http1
2023-06-05 11:24:14,土巴兔销售_2.5.4.apk,okhttp3.internal.http2
2023-06-05 11:24:14,土巴兔销售_2.5.4.apk,okhttp3.internal.huc
2023-06-05 11:24:14,土巴兔销售_2.5.4.apk,okhttp3.internal.io
2023-06-05 11:24:14,土巴兔销售_2.5.4.apk,okhttp3.internal.platform
2023-06-05 11:24:14,土巴兔销售_2.5.4.apk,okhttp3.internal.proxy
2023-06-05 11:24:14,土巴兔销售_2.5.4.apk,okhttp3.internal.publicsuffix
2023-06-05 11:24:14,土巴兔销售_2.5.4.apk,okhttp3.internal.tls
2023-06-05 11:24:14,土巴兔销售_2.5.4.apk,okhttp3.internal.ws
2023-06-05 11:24:14,土巴兔销售_2.5.4.apk,okio
2023-06-05 11:24:14,土巴兔销售_2.5.4.apk,okio.internal
2023-06-05 11:24:14,土巴兔销售_2.5.4.apk,org.apache.http.conn.ssl
2023-06-05 11:24:14,土巴兔销售_2.5.4.apk,org.conscrypt
2023-06-05 11:24:14,土巴兔销售_2.5.4.apk,org.jetbrains.annotations
2023-06-05 11:24:14,土巴兔销售_2.5.4.apk,org.json
2023-06-05 11:24:14,土巴兔销售_2.5.4.apk,org.reactivestreams
2023-06-05 11:24:14,土巴兔销售_2.5.4.apk,org.repackage.a.a.a
2023-06-05 11:24:14,土巴兔销售_2.5.4.apk,org.repackage.a.a.a.a
2023-06-05 11:24:14,土巴兔销售_2.5.4.apk,org.repackage.com.heytap.openid.sdk
2023-06-05 11:24:14,土巴兔销售_2.5.4.apk,org.repackage.com.miui.deviceid
2023-06-05 11:24:14,土巴兔销售_2.5.4.apk,org.repackage.com.vivo.identifier
2023-06-05 11:24:14,土巴兔销售_2.5.4.apk,org.xmlpull.v1
2023-06-05 11:24:14,土巴兔销售_2.5.4.apk,retrofit2
2023-06-05 11:24:14,土巴兔销售_2.5.4.apk,retrofit2.converter.gson
2023-06-05 11:24:14,土巴兔销售_2.5.4.apk,retrofit2.http
2023-06-05 11:24:14,土巴兔销售_2.5.4.apk,sun.misc
2023-06-05 11:24:14,土巴兔销售_2.5.4.apk,top.zibin.luban
2023-06-05 11:24:14,土巴兔销售_2.5.4.apk,vi.com.gdi.bgl.android.java
2023-06-05 11:24:14,土巴兔销售_2.5.4.apk,zlc.season.claritypotion
2023-06-05 11:24:14,土巴兔销售_2.5.4.apk,zlc.season.downloadx
2023-06-05 11:24:14,土巴兔销售_2.5.4.apk,zlc.season.downloadx.core
2023-06-05 11:24:14,土巴兔销售_2.5.4.apk,zlc.season.downloadx.helper
2023-06-05 11:24:14,土巴兔销售_2.5.4.apk,zlc.season.downloadx.utils
2023-06-05 11:26:35,土巴兔销售_2.5.4.apk,Decoder
2023-06-05 11:26:35,土巴兔销售_2.5.4.apk,android.accessibilityservice
2023-06-05 11:26:35,土巴兔销售_2.5.4.apk,android.accounts
2023-06-05 11:26:35,土巴兔销售_2.5.4.apk,android.animation
2023-06-05 11:26:35,土巴兔销售_2.5.4.apk,android.app
2023-06-05 11:26:35,土巴兔销售_2.5.4.apk,android.app.admin
2023-06-05 11:26:35,土巴兔销售_2.5.4.apk,android.app.job
2023-06-05 11:26:35,土巴兔销售_2.5.4.apk,android.app.usage
2023-06-05 11:26:35,土巴兔销售_2.5.4.apk,android.appwidget
2023-06-05 11:26:35,土巴兔销售_2.5.4.apk,android.bluetooth
2023-06-05 11:26:35,土巴兔销售_2.5.4.apk,android.content
2023-06-05 11:26:35,土巴兔销售_2.5.4.apk,android.content.pm
2023-06-05 11:26:35,土巴兔销售_2.5.4.apk,android.content.res
2023-06-05 11:26:35,土巴兔销售_2.5.4.apk,android.database
2023-06-05 11:26:35,土巴兔销售_2.5.4.apk,android.database.sqlite
2023-06-05 11:26:35,土巴兔销售_2.5.4.apk,android.graphics
2023-06-05 11:26:35,土巴兔销售_2.5.4.apk,android.graphics.drawable
2023-06-05 11:26:35,土巴兔销售_2.5.4.apk,android.graphics.drawable.shapes
2023-06-05 11:26:35,土巴兔销售_2.5.4.apk,android.graphics.fonts
2023-06-05 11:26:35,土巴兔销售_2.5.4.apk,android.graphics.pdf
2023-06-05 11:26:35,土巴兔销售_2.5.4.apk,android.hardware
2023-06-05 11:26:35,土巴兔销售_2.5.4.apk,android.hardware.camera2
2023-06-05 11:26:35,土巴兔销售_2.5.4.apk,android.hardware.display
2023-06-05 11:26:35,土巴兔销售_2.5.4.apk,android.hardware.fingerprint
2023-06-05 11:26:35,土巴兔销售_2.5.4.apk,android.hardware.input
2023-06-05 11:26:35,土巴兔销售_2.5.4.apk,android.hardware.usb
2023-06-05 11:26:35,土巴兔销售_2.5.4.apk,android.icu.text
2023-06-05 11:26:35,土巴兔销售_2.5.4.apk,android.icu.util
2023-06-05 11:26:35,土巴兔销售_2.5.4.apk,android.location
2023-06-05 11:26:35,土巴兔销售_2.5.4.apk,android.media
2023-06-05 11:26:35,土巴兔销售_2.5.4.apk,android.media.projection
2023-06-05 11:26:35,土巴兔销售_2.5.4.apk,android.media.session
2023-06-05 11:26:35,土巴兔销售_2.5.4.apk,android.media.tv
2023-06-05 11:26:35,土巴兔销售_2.5.4.apk,android.net
2023-06-05 11:26:35,土巴兔销售_2.5.4.apk,android.net.http
2023-06-05 11:26:35,土巴兔销售_2.5.4.apk,android.net.nsd
2023-06-05 11:26:35,土巴兔销售_2.5.4.apk,android.net.ssl
2023-06-05 11:26:35,土巴兔销售_2.5.4.apk,android.net.wifi
2023-06-05 11:26:35,土巴兔销售_2.5.4.apk,android.net.wifi.p2p
2023-06-05 11:26:35,土巴兔销售_2.5.4.apk,android.nfc
2023-06-05 11:26:35,土巴兔销售_2.5.4.apk,android.opengl
2023-06-05 11:26:35,土巴兔销售_2.5.4.apk,android.os
2023-06-05 11:26:35,土巴兔销售_2.5.4.apk,android.os.storage
2023-06-05 11:26:35,土巴兔销售_2.5.4.apk,android.preference
2023-06-05 11:26:35,土巴兔销售_2.5.4.apk,android.print
2023-06-05 11:26:35,土巴兔销售_2.5.4.apk,android.print.pdf
2023-06-05 11:26:35,土巴兔销售_2.5.4.apk,android.provider
2023-06-05 11:26:35,土巴兔销售_2.5.4.apk,android.renderscript
2023-06-05 11:26:35,土巴兔销售_2.5.4.apk,android.support.v4.app
2023-06-05 11:26:35,土巴兔销售_2.5.4.apk,android.support.v4.os
2023-06-05 11:26:35,土巴兔销售_2.5.4.apk,android.system
2023-06-05 11:26:35,土巴兔销售_2.5.4.apk,android.telecom
2023-06-05 11:26:35,土巴兔销售_2.5.4.apk,android.telephony
2023-06-05 11:26:35,土巴兔销售_2.5.4.apk,android.telephony.cdma
2023-06-05 11:26:35,土巴兔销售_2.5.4.apk,android.telephony.gsm
2023-06-05 11:26:35,土巴兔销售_2.5.4.apk,android.telephony.mbms
2023-06-05 11:26:35,土巴兔销售_2.5.4.apk,android.text
2023-06-05 11:26:35,土巴兔销售_2.5.4.apk,android.text.format
2023-06-05 11:26:35,土巴兔销售_2.5.4.apk,android.text.method
2023-06-05 11:26:35,土巴兔销售_2.5.4.apk,android.text.style
2023-06-05 11:26:35,土巴兔销售_2.5.4.apk,android.text.util
2023-06-05 11:26:35,土巴兔销售_2.5.4.apk,android.transition
2023-06-05 11:26:35,土巴兔销售_2.5.4.apk,android.util
2023-06-05 11:26:35,土巴兔销售_2.5.4.apk,android.view
2023-06-05 11:26:35,土巴兔销售_2.5.4.apk,android.view.accessibility
2023-06-05 11:26:35,土巴兔销售_2.5.4.apk,android.view.animation
2023-06-05 11:26:35,土巴兔销售_2.5.4.apk,android.view.inputmethod
2023-06-05 11:26:35,土巴兔销售_2.5.4.apk,android.view.textclassifier
2023-06-05 11:26:35,土巴兔销售_2.5.4.apk,android.view.textservice
2023-06-05 11:26:35,土巴兔销售_2.5.4.apk,android.webkit
2023-06-05 11:26:35,土巴兔销售_2.5.4.apk,android.widget
2023-06-05 11:26:35,土巴兔销售_2.5.4.apk,androidx.activity
2023-06-05 11:26:35,土巴兔销售_2.5.4.apk,androidx.activity.contextaware
2023-06-05 11:26:35,土巴兔销售_2.5.4.apk,androidx.activity.result
2023-06-05 11:26:35,土巴兔销售_2.5.4.apk,androidx.activity.result.contract
2023-06-05 11:26:35,土巴兔销售_2.5.4.apk,androidx.appcompat
2023-06-05 11:26:35,土巴兔销售_2.5.4.apk,androidx.appcompat.app
2023-06-05 11:26:35,土巴兔销售_2.5.4.apk,androidx.appcompat.content.res
2023-06-05 11:26:35,土巴兔销售_2.5.4.apk,androidx.appcompat.graphics.drawable
2023-06-05 11:26:35,土巴兔销售_2.5.4.apk,androidx.appcompat.resources
2023-06-05 11:26:35,土巴兔销售_2.5.4.apk,androidx.appcompat.text
2023-06-05 11:26:35,土巴兔销售_2.5.4.apk,androidx.appcompat.view
2023-06-05 11:26:35,土巴兔销售_2.5.4.apk,androidx.appcompat.view.menu
2023-06-05 11:26:35,土巴兔销售_2.5.4.apk,androidx.appcompat.widget
2023-06-05 11:26:35,土巴兔销售_2.5.4.apk,androidx.arch.core.executor
2023-06-05 11:26:35,土巴兔销售_2.5.4.apk,androidx.arch.core.internal
2023-06-05 11:26:35,土巴兔销售_2.5.4.apk,androidx.arch.core.util
2023-06-05 11:26:35,土巴兔销售_2.5.4.apk,androidx.camera.core
2023-06-05 11:26:35,土巴兔销售_2.5.4.apk,androidx.camera.core.impl
2023-06-05 11:26:35,土巴兔销售_2.5.4.apk,androidx.camera.core.impl.quirk
2023-06-05 11:26:35,土巴兔销售_2.5.4.apk,androidx.camera.core.impl.utils
2023-06-05 11:26:35,土巴兔销售_2.5.4.apk,androidx.camera.core.impl.utils.executor
2023-06-05 11:26:35,土巴兔销售_2.5.4.apk,androidx.camera.core.impl.utils.futures
2023-06-05 11:26:35,土巴兔销售_2.5.4.apk,androidx.camera.core.internal
2023-06-05 11:26:35,土巴兔销售_2.5.4.apk,androidx.camera.core.internal.compat.quirk
2023-06-05 11:26:35,土巴兔销售_2.5.4.apk,androidx.camera.core.internal.utils
2023-06-05 11:26:35,土巴兔销售_2.5.4.apk,androidx.camera.lifecycle
2023-06-05 11:26:35,土巴兔销售_2.5.4.apk,androidx.camera.view
2023-06-05 11:26:35,土巴兔销售_2.5.4.apk,androidx.camera.view.preview.transform.transformation
2023-06-05 11:26:35,土巴兔销售_2.5.4.apk,androidx.camera.view.video
2023-06-05 11:26:35,土巴兔销售_2.5.4.apk,androidx.cardview
2023-06-05 11:26:35,土巴兔销售_2.5.4.apk,androidx.cardview.widget
2023-06-05 11:26:35,土巴兔销售_2.5.4.apk,androidx.collection
2023-06-05 11:26:35,土巴兔销售_2.5.4.apk,androidx.concurrent.futures
2023-06-05 11:26:35,土巴兔销售_2.5.4.apk,androidx.constraintlayout.motion.utils
2023-06-05 11:26:35,土巴兔销售_2.5.4.apk,androidx.constraintlayout.motion.widget
2023-06-05 11:26:35,土巴兔销售_2.5.4.apk,androidx.constraintlayout.solver
2023-06-05 11:26:35,土巴兔销售_2.5.4.apk,androidx.constraintlayout.solver.state
2023-06-05 11:26:35,土巴兔销售_2.5.4.apk,androidx.constraintlayout.solver.state.helpers
2023-06-05 11:26:35,土巴兔销售_2.5.4.apk,androidx.constraintlayout.solver.widgets
2023-06-05 11:26:35,土巴兔销售_2.5.4.apk,androidx.constraintlayout.solver.widgets.analyzer
2023-06-05 11:26:35,土巴兔销售_2.5.4.apk,androidx.constraintlayout.utils.widget
2023-06-05 11:26:35,土巴兔销售_2.5.4.apk,androidx.constraintlayout.widget
2023-06-05 11:26:35,土巴兔销售_2.5.4.apk,androidx.coordinatorlayout
2023-06-05 11:26:35,土巴兔销售_2.5.4.apk,androidx.coordinatorlayout.widget
2023-06-05 11:26:35,土巴兔销售_2.5.4.apk,androidx.core
2023-06-05 11:26:35,土巴兔销售_2.5.4.apk,androidx.core.app
2023-06-05 11:26:35,土巴兔销售_2.5.4.apk,androidx.core.app.unusedapprestrictions
2023-06-05 11:26:35,土巴兔销售_2.5.4.apk,androidx.core.content
2023-06-05 11:26:35,土巴兔销售_2.5.4.apk,androidx.core.content.pm
2023-06-05 11:26:35,土巴兔销售_2.5.4.apk,androidx.core.content.res
2023-06-05 11:26:35,土巴兔销售_2.5.4.apk,androidx.core.graphics
2023-06-05 11:26:35,土巴兔销售_2.5.4.apk,androidx.core.graphics.drawable
2023-06-05 11:26:35,土巴兔销售_2.5.4.apk,androidx.core.internal.view
2023-06-05 11:26:35,土巴兔销售_2.5.4.apk,androidx.core.location
2023-06-05 11:26:35,土巴兔销售_2.5.4.apk,androidx.core.math
2023-06-05 11:26:35,土巴兔销售_2.5.4.apk,androidx.core.net
2023-06-05 11:26:35,土巴兔销售_2.5.4.apk,androidx.core.os
2023-06-05 11:26:35,土巴兔销售_2.5.4.apk,androidx.core.provider
2023-06-05 11:26:35,土巴兔销售_2.5.4.apk,androidx.core.text
2023-06-05 11:26:35,土巴兔销售_2.5.4.apk,androidx.core.util
2023-06-05 11:26:35,土巴兔销售_2.5.4.apk,androidx.core.view
2023-06-05 11:26:35,土巴兔销售_2.5.4.apk,androidx.core.view.accessibility
2023-06-05 11:26:35,土巴兔销售_2.5.4.apk,androidx.core.view.animation
2023-06-05 11:26:35,土巴兔销售_2.5.4.apk,androidx.core.view.inputmethod
2023-06-05 11:26:35,土巴兔销售_2.5.4.apk,androidx.core.widget
2023-06-05 11:26:35,土巴兔销售_2.5.4.apk,androidx.cursoradapter.widget
2023-06-05 11:26:35,土巴兔销售_2.5.4.apk,androidx.customview.view
2023-06-05 11:26:35,土巴兔销售_2.5.4.apk,androidx.customview.widget
2023-06-05 11:26:35,土巴兔销售_2.5.4.apk,androidx.databinding
2023-06-05 11:26:35,土巴兔销售_2.5.4.apk,androidx.drawerlayout.widget
2023-06-05 11:26:35,土巴兔销售_2.5.4.apk,androidx.dynamicanimation.animation
2023-06-05 11:26:35,土巴兔销售_2.5.4.apk,androidx.exifinterface.media
2023-06-05 11:26:35,土巴兔销售_2.5.4.apk,androidx.fragment
2023-06-05 11:26:35,土巴兔销售_2.5.4.apk,androidx.fragment.app
2023-06-05 11:26:35,土巴兔销售_2.5.4.apk,androidx.interpolator.view.animation
2023-06-05 11:26:35,土巴兔销售_2.5.4.apk,androidx.legacy.widget
2023-06-05 11:26:35,土巴兔销售_2.5.4.apk,androidx.lifecycle
2023-06-05 11:26:35,土巴兔销售_2.5.4.apk,androidx.lifecycle.runtime
2023-06-05 11:26:35,土巴兔销售_2.5.4.apk,androidx.lifecycle.viewmodel
2023-06-05 11:26:35,土巴兔销售_2.5.4.apk,androidx.loader.app
2023-06-05 11:26:35,土巴兔销售_2.5.4.apk,androidx.loader.content
2023-06-05 11:26:35,土巴兔销售_2.5.4.apk,androidx.localbroadcastmanager.content
2023-06-05 11:26:35,土巴兔销售_2.5.4.apk,androidx.recyclerview
2023-06-05 11:26:35,土巴兔销售_2.5.4.apk,androidx.recyclerview.widget
2023-06-05 11:26:35,土巴兔销售_2.5.4.apk,androidx.recyclerview.widget.RecyclerView
2023-06-05 11:26:35,土巴兔销售_2.5.4.apk,androidx.savedstate
2023-06-05 11:26:35,土巴兔销售_2.5.4.apk,androidx.swiperefreshlayout
2023-06-05 11:26:35,土巴兔销售_2.5.4.apk,androidx.swiperefreshlayout.widget
2023-06-05 11:26:35,土巴兔销售_2.5.4.apk,androidx.tracing
2023-06-05 11:26:35,土巴兔销售_2.5.4.apk,androidx.transition
2023-06-05 11:26:35,土巴兔销售_2.5.4.apk,androidx.vectordrawable.graphics.drawable
2023-06-05 11:26:35,土巴兔销售_2.5.4.apk,androidx.versionedparcelable
2023-06-05 11:26:35,土巴兔销售_2.5.4.apk,androidx.viewbinding
2023-06-05 11:26:35,土巴兔销售_2.5.4.apk,androidx.viewpager.widget
2023-06-05 11:26:35,土巴兔销售_2.5.4.apk,androidx.viewpager2
2023-06-05 11:26:35,土巴兔销售_2.5.4.apk,androidx.viewpager2.adapter
2023-06-05 11:26:35,土巴兔销售_2.5.4.apk,androidx.viewpager2.widget
2023-06-05 11:26:35,土巴兔销售_2.5.4.apk,com.airbnb.lottie
2023-06-05 11:26:35,土巴兔销售_2.5.4.apk,com.airbnb.lottie.animation
2023-06-05 11:26:35,土巴兔销售_2.5.4.apk,com.airbnb.lottie.animation.content
2023-06-05 11:26:35,土巴兔销售_2.5.4.apk,com.airbnb.lottie.animation.keyframe
2023-06-05 11:26:35,土巴兔销售_2.5.4.apk,com.airbnb.lottie.manager
2023-06-05 11:26:35,土巴兔销售_2.5.4.apk,com.airbnb.lottie.model
2023-06-05 11:26:35,土巴兔销售_2.5.4.apk,com.airbnb.lottie.model.animatable
2023-06-05 11:26:35,土巴兔销售_2.5.4.apk,com.airbnb.lottie.model.content
2023-06-05 11:26:35,土巴兔销售_2.5.4.apk,com.airbnb.lottie.model.layer
2023-06-05 11:26:35,土巴兔销售_2.5.4.apk,com.airbnb.lottie.network
2023-06-05 11:26:35,土巴兔销售_2.5.4.apk,com.airbnb.lottie.parser
2023-06-05 11:26:35,土巴兔销售_2.5.4.apk,com.airbnb.lottie.parser.moshi
2023-06-05 11:26:35,土巴兔销售_2.5.4.apk,com.airbnb.lottie.utils
2023-06-05 11:26:35,土巴兔销售_2.5.4.apk,com.airbnb.lottie.value
2023-06-05 11:26:35,土巴兔销售_2.5.4.apk,com.alibaba.fastjson
2023-06-05 11:26:35,土巴兔销售_2.5.4.apk,com.alibaba.fastjson.annotation
2023-06-05 11:26:35,土巴兔销售_2.5.4.apk,com.alibaba.fastjson.parser
2023-06-05 11:26:35,土巴兔销售_2.5.4.apk,com.alibaba.fastjson.parser.deserializer
2023-06-05 11:26:35,土巴兔销售_2.5.4.apk,com.alibaba.fastjson.serializer
2023-06-05 11:26:35,土巴兔销售_2.5.4.apk,com.alibaba.fastjson.util
2023-06-05 11:26:35,土巴兔销售_2.5.4.apk,com.android.creator
2023-06-05 11:26:35,土巴兔销售_2.5.4.apk,com.android.msasdk
2023-06-05 11:26:35,土巴兔销售_2.5.4.apk,com.asus.msa.SupplementaryDID
2023-06-05 11:26:35,土巴兔销售_2.5.4.apk,com.asus.msa.sdid
2023-06-05 11:26:35,土巴兔销售_2.5.4.apk,com.baidu.b
2023-06-05 11:26:35,土巴兔销售_2.5.4.apk,com.baidu.b.a
2023-06-05 11:26:35,土巴兔销售_2.5.4.apk,com.baidu.b.b
2023-06-05 11:26:35,土巴兔销售_2.5.4.apk,com.baidu.b.c.b
2023-06-05 11:26:35,土巴兔销售_2.5.4.apk,com.baidu.b.e
2023-06-05 11:26:35,土巴兔销售_2.5.4.apk,com.baidu.lbsapi.auth
2023-06-05 11:26:35,土巴兔销售_2.5.4.apk,com.baidu.location
2023-06-05 11:26:35,土巴兔销售_2.5.4.apk,com.baidu.location.b
2023-06-05 11:26:35,土巴兔销售_2.5.4.apk,com.baidu.location.c
2023-06-05 11:26:35,土巴兔销售_2.5.4.apk,com.baidu.location.e
2023-06-05 11:26:35,土巴兔销售_2.5.4.apk,com.baidu.mapapi
2023-06-05 11:26:35,土巴兔销售_2.5.4.apk,com.baidu.mapapi.animation
2023-06-05 11:26:35,土巴兔销售_2.5.4.apk,com.baidu.mapapi.common
2023-06-05 11:26:35,土巴兔销售_2.5.4.apk,com.baidu.mapapi.http
2023-06-05 11:26:35,土巴兔销售_2.5.4.apk,com.baidu.mapapi.map
2023-06-05 11:26:35,土巴兔销售_2.5.4.apk,com.baidu.mapapi.map.track
2023-06-05 11:26:35,土巴兔销售_2.5.4.apk,com.baidu.mapapi.map.u
2023-06-05 11:26:35,土巴兔销售_2.5.4.apk,com.baidu.mapapi.model
2023-06-05 11:26:35,土巴兔销售_2.5.4.apk,com.baidu.mapapi.navi
2023-06-05 11:26:35,土巴兔销售_2.5.4.apk,com.baidu.mapapi.search.busline
2023-06-05 11:26:35,土巴兔销售_2.5.4.apk,com.baidu.mapapi.search.core
2023-06-05 11:26:35,土巴兔销售_2.5.4.apk,com.baidu.mapapi.search.district
2023-06-05 11:26:35,土巴兔销售_2.5.4.apk,com.baidu.mapapi.search.geocode
2023-06-05 11:26:35,土巴兔销售_2.5.4.apk,com.baidu.mapapi.search.poi
2023-06-05 11:26:35,土巴兔销售_2.5.4.apk,com.baidu.mapapi.search.recommendstop
2023-06-05 11:26:35,土巴兔销售_2.5.4.apk,com.baidu.mapapi.search.route
2023-06-05 11:26:35,土巴兔销售_2.5.4.apk,com.baidu.mapapi.search.share
2023-06-05 11:26:35,土巴兔销售_2.5.4.apk,com.baidu.mapapi.search.sug
2023-06-05 11:26:35,土巴兔销售_2.5.4.apk,com.baidu.mapapi.search.weather
2023-06-05 11:26:35,土巴兔销售_2.5.4.apk,com.baidu.mapapi.utils
2023-06-05 11:26:35,土巴兔销售_2.5.4.apk,com.baidu.mapapi.utils.poi
2023-06-05 11:26:35,土巴兔销售_2.5.4.apk,com.baidu.mapapi.utils.route
2023-06-05 11:26:35,土巴兔销售_2.5.4.apk,com.baidu.mapframework.open.aidl
2023-06-05 11:26:35,土巴兔销售_2.5.4.apk,com.baidu.mapsdkplatform.comapi
2023-06-05 11:26:35,土巴兔销售_2.5.4.apk,com.baidu.mapsdkplatform.comapi.a
2023-06-05 11:26:35,土巴兔销售_2.5.4.apk,com.baidu.mapsdkplatform.comapi.commonutils
2023-06-05 11:26:35,土巴兔销售_2.5.4.apk,com.baidu.mapsdkplatform.comapi.commonutils.a
2023-06-05 11:26:35,土巴兔销售_2.5.4.apk,com.baidu.mapsdkplatform.comapi.favrite
2023-06-05 11:26:35,土巴兔销售_2.5.4.apk,com.baidu.mapsdkplatform.comapi.map
2023-06-05 11:26:35,土巴兔销售_2.5.4.apk,com.baidu.mapsdkplatform.comapi.map.a
2023-06-05 11:26:35,土巴兔销售_2.5.4.apk,com.baidu.mapsdkplatform.comapi.util
2023-06-05 11:26:35,土巴兔销售_2.5.4.apk,com.baidu.mapsdkplatform.comjni.tools
2023-06-05 11:26:35,土巴兔销售_2.5.4.apk,com.baidu.mapsdkplatform.comjni.util
2023-06-05 11:26:35,土巴兔销售_2.5.4.apk,com.baidu.platform.base
2023-06-05 11:26:35,土巴兔销售_2.5.4.apk,com.baidu.platform.comapi
2023-06-05 11:26:35,土巴兔销售_2.5.4.apk,com.baidu.platform.comapi.a
2023-06-05 11:26:35,土巴兔销售_2.5.4.apk,com.baidu.platform.comapi.basestruct
2023-06-05 11:26:35,土巴兔销售_2.5.4.apk,com.baidu.platform.comapi.exception
2023-06-05 11:26:35,土巴兔销售_2.5.4.apk,com.baidu.platform.comapi.location
2023-06-05 11:26:35,土巴兔销售_2.5.4.apk,com.baidu.platform.comapi.longlink
2023-06-05 11:26:35,土巴兔销售_2.5.4.apk,com.baidu.platform.comapi.map
2023-06-05 11:26:35,土巴兔销售_2.5.4.apk,com.baidu.platform.comapi.map.b
2023-06-05 11:26:35,土巴兔销售_2.5.4.apk,com.baidu.platform.comapi.map.b.a
2023-06-05 11:26:35,土巴兔销售_2.5.4.apk,com.baidu.platform.comapi.pano
2023-06-05 11:26:35,土巴兔销售_2.5.4.apk,com.baidu.platform.comapi.util
2023-06-05 11:26:35,土巴兔销售_2.5.4.apk,com.baidu.platform.comjni
2023-06-05 11:26:35,土巴兔销售_2.5.4.apk,com.baidu.platform.comjni.base.logstatistics
2023-06-05 11:26:35,土巴兔销售_2.5.4.apk,com.baidu.platform.comjni.base.longlink
2023-06-05 11:26:35,土巴兔销售_2.5.4.apk,com.baidu.platform.comjni.engine
2023-06-05 11:26:35,土巴兔销售_2.5.4.apk,com.baidu.platform.comjni.map.basemap
2023-06-05 11:26:35,土巴兔销售_2.5.4.apk,com.baidu.platform.comjni.map.commonmemcache
2023-06-05 11:26:35,土巴兔销售_2.5.4.apk,com.baidu.platform.comjni.map.favorite
2023-06-05 11:26:35,土巴兔销售_2.5.4.apk,com.baidu.platform.comjni.tools
2023-06-05 11:26:35,土巴兔销售_2.5.4.apk,com.baidu.platform.core.a
2023-06-05 11:26:35,土巴兔销售_2.5.4.apk,com.baidu.platform.core.busline
2023-06-05 11:26:35,土巴兔销售_2.5.4.apk,com.baidu.platform.core.d
2023-06-05 11:26:35,土巴兔销售_2.5.4.apk,com.baidu.platform.core.f
2023-06-05 11:26:35,土巴兔销售_2.5.4.apk,com.baidu.vi
2023-06-05 11:26:35,土巴兔销售_2.5.4.apk,com.buihha.audiorecorder
2023-06-05 11:26:35,土巴兔销售_2.5.4.apk,com.buihha.audiorecorder.other
2023-06-05 11:26:35,土巴兔销售_2.5.4.apk,com.buihha.audiorecorder.other.fftlib
2023-06-05 11:26:35,土巴兔销售_2.5.4.apk,com.buihha.audiorecorder.other.listener
2023-06-05 11:26:35,土巴兔销售_2.5.4.apk,com.buihha.audiorecorder.other.utils
2023-06-05 11:26:35,土巴兔销售_2.5.4.apk,com.buihha.audiorecorder.other.wav
2023-06-05 11:26:35,土巴兔销售_2.5.4.apk,com.bumptech.glide
2023-06-05 11:26:35,土巴兔销售_2.5.4.apk,com.bumptech.glide.disklrucache
2023-06-05 11:26:35,土巴兔销售_2.5.4.apk,com.bumptech.glide.gifdecoder
2023-06-05 11:26:35,土巴兔销售_2.5.4.apk,com.bumptech.glide.integration.okhttp3
2023-06-05 11:26:35,土巴兔销售_2.5.4.apk,com.bumptech.glide.integration.webp
2023-06-05 11:26:35,土巴兔销售_2.5.4.apk,com.bumptech.glide.integration.webp.decoder
2023-06-05 11:26:35,土巴兔销售_2.5.4.apk,com.bumptech.glide.load
2023-06-05 11:26:35,土巴兔销售_2.5.4.apk,com.bumptech.glide.load.data
2023-06-05 11:26:35,土巴兔销售_2.5.4.apk,com.bumptech.glide.load.data.mediastore
2023-06-05 11:26:35,土巴兔销售_2.5.4.apk,com.bumptech.glide.load.engine
2023-06-05 11:26:35,土巴兔销售_2.5.4.apk,com.bumptech.glide.load.engine.bitmap_recycle
2023-06-05 11:26:35,土巴兔销售_2.5.4.apk,com.bumptech.glide.load.engine.cache
2023-06-05 11:26:35,土巴兔销售_2.5.4.apk,com.bumptech.glide.load.engine.executor
2023-06-05 11:26:35,土巴兔销售_2.5.4.apk,com.bumptech.glide.load.engine.prefill
2023-06-05 11:26:35,土巴兔销售_2.5.4.apk,com.bumptech.glide.load.model
2023-06-05 11:26:35,土巴兔销售_2.5.4.apk,com.bumptech.glide.load.model.stream
2023-06-05 11:26:35,土巴兔销售_2.5.4.apk,com.bumptech.glide.load.resource
2023-06-05 11:26:35,土巴兔销售_2.5.4.apk,com.bumptech.glide.load.resource.bitmap
2023-06-05 11:26:35,土巴兔销售_2.5.4.apk,com.bumptech.glide.load.resource.bytes
2023-06-05 11:26:35,土巴兔销售_2.5.4.apk,com.bumptech.glide.load.resource.drawable
2023-06-05 11:26:35,土巴兔销售_2.5.4.apk,com.bumptech.glide.load.resource.file
2023-06-05 11:26:35,土巴兔销售_2.5.4.apk,com.bumptech.glide.load.resource.gif
2023-06-05 11:26:35,土巴兔销售_2.5.4.apk,com.bumptech.glide.load.resource.transcode
2023-06-05 11:26:35,土巴兔销售_2.5.4.apk,com.bumptech.glide.manager
2023-06-05 11:26:35,土巴兔销售_2.5.4.apk,com.bumptech.glide.module
2023-06-05 11:26:35,土巴兔销售_2.5.4.apk,com.bumptech.glide.provider
2023-06-05 11:26:35,土巴兔销售_2.5.4.apk,com.bumptech.glide.request
2023-06-05 11:26:35,土巴兔销售_2.5.4.apk,com.bumptech.glide.request.target
2023-06-05 11:26:35,土巴兔销售_2.5.4.apk,com.bumptech.glide.request.transition
2023-06-05 11:26:35,土巴兔销售_2.5.4.apk,com.bumptech.glide.signature
2023-06-05 11:26:35,土巴兔销售_2.5.4.apk,com.bumptech.glide.util
2023-06-05 11:26:35,土巴兔销售_2.5.4.apk,com.bumptech.glide.util.pool
2023-06-05 11:26:35,土巴兔销售_2.5.4.apk,com.bun.lib
2023-06-05 11:26:35,土巴兔销售_2.5.4.apk,com.bun.miitmdid
2023-06-05 11:26:35,土巴兔销售_2.5.4.apk,com.bun.miitmdid.core
2023-06-05 11:26:35,土巴兔销售_2.5.4.apk,com.bun.miitmdid.interfaces
2023-06-05 11:26:35,土巴兔销售_2.5.4.apk,com.bun.miitmdid.pojo
2023-06-05 11:26:35,土巴兔销售_2.5.4.apk,com.chad.library
2023-06-05 11:26:35,土巴兔销售_2.5.4.apk,com.chad.library.adapter.base
2023-06-05 11:26:35,土巴兔销售_2.5.4.apk,com.chad.library.adapter.base.animation
2023-06-05 11:26:35,土巴兔销售_2.5.4.apk,com.chad.library.adapter.base.binder
2023-06-05 11:26:35,土巴兔销售_2.5.4.apk,com.chad.library.adapter.base.delegate
2023-06-05 11:26:35,土巴兔销售_2.5.4.apk,com.chad.library.adapter.base.diff
2023-06-05 11:26:35,土巴兔销售_2.5.4.apk,com.chad.library.adapter.base.dragswipe
2023-06-05 11:26:35,土巴兔销售_2.5.4.apk,com.chad.library.adapter.base.entity
2023-06-05 11:26:35,土巴兔销售_2.5.4.apk,com.chad.library.adapter.base.entity.node
2023-06-05 11:26:35,土巴兔销售_2.5.4.apk,com.chad.library.adapter.base.listener
2023-06-05 11:26:35,土巴兔销售_2.5.4.apk,com.chad.library.adapter.base.loadmore
2023-06-05 11:26:35,土巴兔销售_2.5.4.apk,com.chad.library.adapter.base.module
2023-06-05 11:26:35,土巴兔销售_2.5.4.apk,com.chad.library.adapter.base.provider
2023-06-05 11:26:35,土巴兔销售_2.5.4.apk,com.chad.library.adapter.base.util
2023-06-05 11:26:35,土巴兔销售_2.5.4.apk,com.chad.library.adapter.base.viewholder
2023-06-05 11:26:35,土巴兔销售_2.5.4.apk,com.coolpad.deviceidsupport
2023-06-05 11:26:35,土巴兔销售_2.5.4.apk,com.google.android.material
2023-06-05 11:26:35,土巴兔销售_2.5.4.apk,com.google.android.material.animation
2023-06-05 11:26:35,土巴兔销售_2.5.4.apk,com.google.android.material.appbar
2023-06-05 11:26:35,土巴兔销售_2.5.4.apk,com.google.android.material.badge
2023-06-05 11:26:35,土巴兔销售_2.5.4.apk,com.google.android.material.behavior
2023-06-05 11:26:35,土巴兔销售_2.5.4.apk,com.google.android.material.bottomsheet
2023-06-05 11:26:35,土巴兔销售_2.5.4.apk,com.google.android.material.button
2023-06-05 11:26:35,土巴兔销售_2.5.4.apk,com.google.android.material.canvas
2023-06-05 11:26:35,土巴兔销售_2.5.4.apk,com.google.android.material.card
2023-06-05 11:26:35,土巴兔销售_2.5.4.apk,com.google.android.material.checkbox
2023-06-05 11:26:35,土巴兔销售_2.5.4.apk,com.google.android.material.chip
2023-06-05 11:26:35,土巴兔销售_2.5.4.apk,com.google.android.material.circularreveal
2023-06-05 11:26:35,土巴兔销售_2.5.4.apk,com.google.android.material.circularreveal.cardview
2023-06-05 11:26:35,土巴兔销售_2.5.4.apk,com.google.android.material.color
2023-06-05 11:26:35,土巴兔销售_2.5.4.apk,com.google.android.material.datepicker
2023-06-05 11:26:35,土巴兔销售_2.5.4.apk,com.google.android.material.dialog
2023-06-05 11:26:35,土巴兔销售_2.5.4.apk,com.google.android.material.drawable
2023-06-05 11:26:35,土巴兔销售_2.5.4.apk,com.google.android.material.elevation
2023-06-05 11:26:35,土巴兔销售_2.5.4.apk,com.google.android.material.expandable
2023-06-05 11:26:35,土巴兔销售_2.5.4.apk,com.google.android.material.floatingactionbutton
2023-06-05 11:26:35,土巴兔销售_2.5.4.apk,com.google.android.material.internal
2023-06-05 11:26:35,土巴兔销售_2.5.4.apk,com.google.android.material.math
2023-06-05 11:26:35,土巴兔销售_2.5.4.apk,com.google.android.material.navigation
2023-06-05 11:26:35,土巴兔销售_2.5.4.apk,com.google.android.material.progressindicator
2023-06-05 11:26:35,土巴兔销售_2.5.4.apk,com.google.android.material.radiobutton
2023-06-05 11:26:35,土巴兔销售_2.5.4.apk,com.google.android.material.resources
2023-06-05 11:26:35,土巴兔销售_2.5.4.apk,com.google.android.material.ripple
2023-06-05 11:26:35,土巴兔销售_2.5.4.apk,com.google.android.material.shadow
2023-06-05 11:26:35,土巴兔销售_2.5.4.apk,com.google.android.material.shape
2023-06-05 11:26:35,土巴兔销售_2.5.4.apk,com.google.android.material.slider
2023-06-05 11:26:35,土巴兔销售_2.5.4.apk,com.google.android.material.snackbar
2023-06-05 11:26:35,土巴兔销售_2.5.4.apk,com.google.android.material.stateful
2023-06-05 11:26:35,土巴兔销售_2.5.4.apk,com.google.android.material.tabs
2023-06-05 11:26:35,土巴兔销售_2.5.4.apk,com.google.android.material.textfield
2023-06-05 11:26:35,土巴兔销售_2.5.4.apk,com.google.android.material.textview
2023-06-05 11:26:35,土巴兔销售_2.5.4.apk,com.google.android.material.theme.overlay
2023-06-05 11:26:35,土巴兔销售_2.5.4.apk,com.google.android.material.timepicker
2023-06-05 11:26:35,土巴兔销售_2.5.4.apk,com.google.android.material.tooltip
2023-06-05 11:26:35,土巴兔销售_2.5.4.apk,com.google.android.material.transformation
2023-06-05 11:26:35,土巴兔销售_2.5.4.apk,com.google.android.material.transition
2023-06-05 11:26:35,土巴兔销售_2.5.4.apk,com.google.android.material.transition.platform
2023-06-05 11:26:35,土巴兔销售_2.5.4.apk,com.google.common.util.concurrent
2023-06-05 11:26:35,土巴兔销售_2.5.4.apk,com.google.gson
2023-06-05 11:26:35,土巴兔销售_2.5.4.apk,com.google.gson.annotations
2023-06-05 11:26:35,土巴兔销售_2.5.4.apk,com.google.gson.internal
2023-06-05 11:26:35,土巴兔销售_2.5.4.apk,com.google.gson.internal.bind
2023-06-05 11:26:35,土巴兔销售_2.5.4.apk,com.google.gson.internal.bind.util
2023-06-05 11:26:35,土巴兔销售_2.5.4.apk,com.google.gson.internal.reflect
2023-06-05 11:26:35,土巴兔销售_2.5.4.apk,com.google.gson.reflect
2023-06-05 11:26:35,土巴兔销售_2.5.4.apk,com.google.gson.stream
2023-06-05 11:26:35,土巴兔销售_2.5.4.apk,com.google.zxing
2023-06-05 11:26:35,土巴兔销售_2.5.4.apk,com.google.zxing.aztec
2023-06-05 11:26:35,土巴兔销售_2.5.4.apk,com.google.zxing.aztec.decoder
2023-06-05 11:26:35,土巴兔销售_2.5.4.apk,com.google.zxing.aztec.detector
2023-06-05 11:26:35,土巴兔销售_2.5.4.apk,com.google.zxing.aztec.encoder
2023-06-05 11:26:35,土巴兔销售_2.5.4.apk,com.google.zxing.client.result
2023-06-05 11:26:35,土巴兔销售_2.5.4.apk,com.google.zxing.common
2023-06-05 11:26:35,土巴兔销售_2.5.4.apk,com.google.zxing.common.detector
2023-06-05 11:26:35,土巴兔销售_2.5.4.apk,com.google.zxing.common.reedsolomon
2023-06-05 11:26:35,土巴兔销售_2.5.4.apk,com.google.zxing.datamatrix
2023-06-05 11:26:35,土巴兔销售_2.5.4.apk,com.google.zxing.datamatrix.decoder
2023-06-05 11:26:35,土巴兔销售_2.5.4.apk,com.google.zxing.datamatrix.detector
2023-06-05 11:26:35,土巴兔销售_2.5.4.apk,com.google.zxing.datamatrix.encoder
2023-06-05 11:26:35,土巴兔销售_2.5.4.apk,com.google.zxing.maxicode
2023-06-05 11:26:35,土巴兔销售_2.5.4.apk,com.google.zxing.maxicode.decoder
2023-06-05 11:26:35,土巴兔销售_2.5.4.apk,com.google.zxing.multi
2023-06-05 11:26:35,土巴兔销售_2.5.4.apk,com.google.zxing.multi.qrcode.detector
2023-06-05 11:26:35,土巴兔销售_2.5.4.apk,com.google.zxing.oned
2023-06-05 11:26:35,土巴兔销售_2.5.4.apk,com.google.zxing.oned.rss
2023-06-05 11:26:35,土巴兔销售_2.5.4.apk,com.google.zxing.oned.rss.expanded
2023-06-05 11:26:35,土巴兔销售_2.5.4.apk,com.google.zxing.oned.rss.expanded.decoders
2023-06-05 11:26:35,土巴兔销售_2.5.4.apk,com.google.zxing.pdf417
2023-06-05 11:26:35,土巴兔销售_2.5.4.apk,com.google.zxing.pdf417.decoder
2023-06-05 11:26:35,土巴兔销售_2.5.4.apk,com.google.zxing.pdf417.decoder.ec
2023-06-05 11:26:35,土巴兔销售_2.5.4.apk,com.google.zxing.pdf417.detector
2023-06-05 11:26:35,土巴兔销售_2.5.4.apk,com.google.zxing.pdf417.encoder
2023-06-05 11:26:35,土巴兔销售_2.5.4.apk,com.google.zxing.qrcode
2023-06-05 11:26:35,土巴兔销售_2.5.4.apk,com.google.zxing.qrcode.decoder
2023-06-05 11:26:35,土巴兔销售_2.5.4.apk,com.google.zxing.qrcode.detector
2023-06-05 11:26:35,土巴兔销售_2.5.4.apk,com.google.zxing.qrcode.encoder
2023-06-05 11:26:35,土巴兔销售_2.5.4.apk,com.haibin.calendarview
2023-06-05 11:26:35,土巴兔销售_2.5.4.apk,com.heytap.openid.bean
2023-06-05 11:26:35,土巴兔销售_2.5.4.apk,com.heytap.openid.sdk
2023-06-05 11:26:35,土巴兔销售_2.5.4.apk,com.luck.picture.lib
2023-06-05 11:26:35,土巴兔销售_2.5.4.apk,com.luck.picture.lib.adapter
2023-06-05 11:26:35,土巴兔销售_2.5.4.apk,com.luck.picture.lib.animators
2023-06-05 11:26:35,土巴兔销售_2.5.4.apk,com.luck.picture.lib.app
2023-06-05 11:26:35,土巴兔销售_2.5.4.apk,com.luck.picture.lib.broadcast
2023-06-05 11:26:35,土巴兔销售_2.5.4.apk,com.luck.picture.lib.camera
2023-06-05 11:26:35,土巴兔销售_2.5.4.apk,com.luck.picture.lib.camera.listener
2023-06-05 11:26:35,土巴兔销售_2.5.4.apk,com.luck.picture.lib.camera.view
2023-06-05 11:26:35,土巴兔销售_2.5.4.apk,com.luck.picture.lib.compress
2023-06-05 11:26:35,土巴兔销售_2.5.4.apk,com.luck.picture.lib.config
2023-06-05 11:26:35,土巴兔销售_2.5.4.apk,com.luck.picture.lib.decoration
2023-06-05 11:26:35,土巴兔销售_2.5.4.apk,com.luck.picture.lib.dialog
2023-06-05 11:26:35,土巴兔销售_2.5.4.apk,com.luck.picture.lib.engine
2023-06-05 11:26:35,土巴兔销售_2.5.4.apk,com.luck.picture.lib.entity
2023-06-05 11:26:35,土巴兔销售_2.5.4.apk,com.luck.picture.lib.immersive
2023-06-05 11:26:35,土巴兔销售_2.5.4.apk,com.luck.picture.lib.language
2023-06-05 11:26:35,土巴兔销售_2.5.4.apk,com.luck.picture.lib.listener
2023-06-05 11:26:35,土巴兔销售_2.5.4.apk,com.luck.picture.lib.manager
2023-06-05 11:26:35,土巴兔销售_2.5.4.apk,com.luck.picture.lib.model
2023-06-05 11:26:35,土巴兔销售_2.5.4.apk,com.luck.picture.lib.observable
2023-06-05 11:26:35,土巴兔销售_2.5.4.apk,com.luck.picture.lib.permissions
2023-06-05 11:26:35,土巴兔销售_2.5.4.apk,com.luck.picture.lib.photoview
2023-06-05 11:26:35,土巴兔销售_2.5.4.apk,com.luck.picture.lib.style
2023-06-05 11:26:35,土巴兔销售_2.5.4.apk,com.luck.picture.lib.thread
2023-06-05 11:26:35,土巴兔销售_2.5.4.apk,com.luck.picture.lib.tools
2023-06-05 11:26:35,土巴兔销售_2.5.4.apk,com.luck.picture.lib.widget
2023-06-05 11:26:35,土巴兔销售_2.5.4.apk,com.luck.picture.lib.widget.longimage
2023-06-05 11:26:35,土巴兔销售_2.5.4.apk,com.samsung.android.deviceidservice
2023-06-05 11:26:35,土巴兔销售_2.5.4.apk,com.teamui.tmui.common
2023-06-05 11:26:35,土巴兔销售_2.5.4.apk,com.teamui.tmui.common.actionbar
2023-06-05 11:26:35,土巴兔销售_2.5.4.apk,com.teamui.tmui.common.pagestatus
2023-06-05 11:26:35,土巴兔销售_2.5.4.apk,com.teamui.tmui.common.pickerview.adapter
2023-06-05 11:26:35,土巴兔销售_2.5.4.apk,com.teamui.tmui.common.pickerview.configure
2023-06-05 11:26:35,土巴兔销售_2.5.4.apk,com.teamui.tmui.common.pickerview.listener
2023-06-05 11:26:35,土巴兔销售_2.5.4.apk,com.teamui.tmui.common.pickerview.utils
2023-06-05 11:26:35,土巴兔销售_2.5.4.apk,com.teamui.tmui.common.pickerview.view
2023-06-05 11:26:35,土巴兔销售_2.5.4.apk,com.teamui.tmui.common.pickerview.wheelview.adapter
2023-06-05 11:26:35,土巴兔销售_2.5.4.apk,com.teamui.tmui.common.pickerview.wheelview.interfaces
2023-06-05 11:26:35,土巴兔销售_2.5.4.apk,com.teamui.tmui.common.pickerview.wheelview.listener
2023-06-05 11:26:35,土巴兔销售_2.5.4.apk,com.teamui.tmui.common.pickerview.wheelview.timer
2023-06-05 11:26:35,土巴兔销售_2.5.4.apk,com.teamui.tmui.common.pickerview.wheelview.view
2023-06-05 11:26:35,土巴兔销售_2.5.4.apk,com.teamui.tmui.common.utils
2023-06-05 11:26:35,土巴兔销售_2.5.4.apk,com.tencent.bugly
2023-06-05 11:26:35,土巴兔销售_2.5.4.apk,com.tencent.bugly.beta
2023-06-05 11:26:35,土巴兔销售_2.5.4.apk,com.tencent.bugly.beta.download
2023-06-05 11:26:35,土巴兔销售_2.5.4.apk,com.tencent.bugly.beta.global
2023-06-05 11:26:35,土巴兔销售_2.5.4.apk,com.tencent.bugly.beta.interfaces
2023-06-05 11:26:35,土巴兔销售_2.5.4.apk,com.tencent.bugly.beta.tinker
2023-06-05 11:26:35,土巴兔销售_2.5.4.apk,com.tencent.bugly.beta.ui
2023-06-05 11:26:35,土巴兔销售_2.5.4.apk,com.tencent.bugly.beta.upgrade
2023-06-05 11:26:35,土巴兔销售_2.5.4.apk,com.tencent.bugly.beta.utils
2023-06-05 11:26:35,土巴兔销售_2.5.4.apk,com.tencent.bugly.crashreport
2023-06-05 11:26:35,土巴兔销售_2.5.4.apk,com.tencent.bugly.crashreport.biz
2023-06-05 11:26:35,土巴兔销售_2.5.4.apk,com.tencent.bugly.crashreport.common.info
2023-06-05 11:26:35,土巴兔销售_2.5.4.apk,com.tencent.bugly.crashreport.common.strategy
2023-06-05 11:26:35,土巴兔销售_2.5.4.apk,com.tencent.bugly.crashreport.crash
2023-06-05 11:26:35,土巴兔销售_2.5.4.apk,com.tencent.bugly.crashreport.crash.anr
2023-06-05 11:26:35,土巴兔销售_2.5.4.apk,com.tencent.bugly.crashreport.crash.h5
2023-06-05 11:26:35,土巴兔销售_2.5.4.apk,com.tencent.bugly.crashreport.crash.jni
2023-06-05 11:26:35,土巴兔销售_2.5.4.apk,com.tencent.bugly.crashreport.inner
2023-06-05 11:26:35,土巴兔销售_2.5.4.apk,com.tencent.bugly.proguard
2023-06-05 11:26:35,土巴兔销售_2.5.4.apk,com.tencent.mars.xlog
2023-06-05 11:26:35,土巴兔销售_2.5.4.apk,com.tencent.mmkv
2023-06-05 11:26:35,土巴兔销售_2.5.4.apk,com.tencent.tinker.entry
2023-06-05 11:26:35,土巴兔销售_2.5.4.apk,com.tencent.tinker.lib.library
2023-06-05 11:26:35,土巴兔销售_2.5.4.apk,com.tencent.tinker.lib.listener
2023-06-05 11:26:35,土巴兔销售_2.5.4.apk,com.tencent.tinker.lib.patch
2023-06-05 11:26:35,土巴兔销售_2.5.4.apk,com.tencent.tinker.lib.reporter
2023-06-05 11:26:35,土巴兔销售_2.5.4.apk,com.tencent.tinker.lib.service
2023-06-05 11:26:35,土巴兔销售_2.5.4.apk,com.tencent.tinker.lib.tinker
2023-06-05 11:26:35,土巴兔销售_2.5.4.apk,com.tencent.tinker.lib.util
2023-06-05 11:26:35,土巴兔销售_2.5.4.apk,com.tencent.tinker.loader
2023-06-05 11:26:35,土巴兔销售_2.5.4.apk,com.tencent.tinker.loader.app
2023-06-05 11:26:35,土巴兔销售_2.5.4.apk,com.tencent.tinker.loader.shareutil
2023-06-05 11:26:35,土巴兔销售_2.5.4.apk,com.tmuiteam.tmui
2023-06-05 11:26:35,土巴兔销售_2.5.4.apk,com.tmuiteam.tmui.alpha
2023-06-05 11:26:35,土巴兔销售_2.5.4.apk,com.tmuiteam.tmui.base
2023-06-05 11:26:35,土巴兔销售_2.5.4.apk,com.tmuiteam.tmui.color
2023-06-05 11:26:35,土巴兔销售_2.5.4.apk,com.tmuiteam.tmui.layout
2023-06-05 11:26:35,土巴兔销售_2.5.4.apk,com.tmuiteam.tmui.link
2023-06-05 11:26:35,土巴兔销售_2.5.4.apk,com.tmuiteam.tmui.load.indicators
2023-06-05 11:26:35,土巴兔销售_2.5.4.apk,com.tmuiteam.tmui.span
2023-06-05 11:26:35,土巴兔销售_2.5.4.apk,com.tmuiteam.tmui.util
2023-06-05 11:26:35,土巴兔销售_2.5.4.apk,com.tmuiteam.tmui.widget
2023-06-05 11:26:35,土巴兔销售_2.5.4.apk,com.tmuiteam.tmui.widget.dialog
2023-06-05 11:26:35,土巴兔销售_2.5.4.apk,com.tmuiteam.tmui.widget.round
2023-06-05 11:26:35,土巴兔销售_2.5.4.apk,com.tmuiteam.tmui.widget.textview
2023-06-05 11:26:35,土巴兔销售_2.5.4.apk,com.to8to.annotation_kotlin
2023-06-05 11:26:35,土巴兔销售_2.5.4.apk,com.to8to.code
2023-06-05 11:26:35,土巴兔销售_2.5.4.apk,com.to8to.market
2023-06-05 11:26:35,土巴兔销售_2.5.4.apk,com.to8to.market.activity
2023-06-05 11:26:35,土巴兔销售_2.5.4.apk,com.to8to.market.adapter
2023-06-05 11:26:35,土巴兔销售_2.5.4.apk,com.to8to.market.amap.location
2023-06-05 11:26:35,土巴兔销售_2.5.4.apk,com.to8to.market.amap.location.callback
2023-06-05 11:26:35,土巴兔销售_2.5.4.apk,com.to8to.market.amap.map
2023-06-05 11:26:35,土巴兔销售_2.5.4.apk,com.to8to.market.base
2023-06-05 11:26:35,土巴兔销售_2.5.4.apk,com.to8to.market.common
2023-06-05 11:26:35,土巴兔销售_2.5.4.apk,com.to8to.market.dialog
2023-06-05 11:26:35,土巴兔销售_2.5.4.apk,com.to8to.market.model
2023-06-05 11:26:35,土巴兔销售_2.5.4.apk,com.to8to.market.record
2023-06-05 11:26:35,土巴兔销售_2.5.4.apk,com.to8to.market.repository
2023-06-05 11:26:35,土巴兔销售_2.5.4.apk,com.to8to.market.repository.base
2023-06-05 11:26:35,土巴兔销售_2.5.4.apk,com.to8to.market.util
2023-06-05 11:26:35,土巴兔销售_2.5.4.apk,com.to8to.market.view
2023-06-05 11:26:35,土巴兔销售_2.5.4.apk,com.to8to.recorder.listener
2023-06-05 11:26:35,土巴兔销售_2.5.4.apk,com.to8to.recorder.manager
2023-06-05 11:26:35,土巴兔销售_2.5.4.apk,com.to8to.recorder.service
2023-06-05 11:26:35,土巴兔销售_2.5.4.apk,com.to8to.supreme.sdk.imageloader
2023-06-05 11:26:35,土巴兔销售_2.5.4.apk,com.to8to.supreme.sdk.imageloader.core
2023-06-05 11:26:35,土巴兔销售_2.5.4.apk,com.to8to.supreme.sdk.imageloader.debug
2023-06-05 11:26:35,土巴兔销售_2.5.4.apk,com.to8to.supreme.sdk.imageloader.listener
2023-06-05 11:26:35,土巴兔销售_2.5.4.apk,com.to8to.supreme.sdk.imageloader.progress
2023-06-05 11:26:35,土巴兔销售_2.5.4.apk,com.to8to.supreme.sdk.imageloader.provider
2023-06-05 11:26:35,土巴兔销售_2.5.4.apk,com.to8to.supreme.sdk.imageloader.target
2023-06-05 11:26:35,土巴兔销售_2.5.4.apk,com.to8to.supreme.sdk.imageloader.transform
2023-06-05 11:26:35,土巴兔销售_2.5.4.apk,com.to8to.supreme.sdk.imageloader.transition
2023-06-05 11:26:35,土巴兔销售_2.5.4.apk,com.to8to.supreme.sdk.imageloader.utils
2023-06-05 11:26:35,土巴兔销售_2.5.4.apk,com.to8to.supreme.sdk.log
2023-06-05 11:26:35,土巴兔销售_2.5.4.apk,com.to8to.supreme.sdk.log.logger
2023-06-05 11:26:35,土巴兔销售_2.5.4.apk,com.to8to.supreme.sdk.net
2023-06-05 11:26:35,土巴兔销售_2.5.4.apk,com.to8to.supreme.sdk.net.annotation
2023-06-05 11:26:35,土巴兔销售_2.5.4.apk,com.to8to.supreme.sdk.net.cache
2023-06-05 11:26:35,土巴兔销售_2.5.4.apk,com.to8to.supreme.sdk.net.cache.interceptor
2023-06-05 11:26:35,土巴兔销售_2.5.4.apk,com.to8to.supreme.sdk.net.callback
2023-06-05 11:26:35,土巴兔销售_2.5.4.apk,com.to8to.supreme.sdk.net.core
2023-06-05 11:26:35,土巴兔销售_2.5.4.apk,com.to8to.supreme.sdk.net.factory
2023-06-05 11:26:35,土巴兔销售_2.5.4.apk,com.to8to.supreme.sdk.net.interceptor
2023-06-05 11:26:35,土巴兔销售_2.5.4.apk,com.to8to.supreme.sdk.net.lifecycle
2023-06-05 11:26:35,土巴兔销售_2.5.4.apk,com.to8to.supreme.sdk.net.okhttp
2023-06-05 11:26:35,土巴兔销售_2.5.4.apk,com.to8to.supreme.sdk.net.to8tosupport
2023-06-05 11:26:35,土巴兔销售_2.5.4.apk,com.to8to.supreme.sdk.net.to8tosupport.client
2023-06-05 11:26:35,土巴兔销售_2.5.4.apk,com.to8to.supreme.sdk.net.to8tosupport.interceptor
2023-06-05 11:26:35,土巴兔销售_2.5.4.apk,com.to8to.supreme.sdk.net.to8tosupport.java
2023-06-05 11:26:35,土巴兔销售_2.5.4.apk,com.to8to.supreme.sdk.net.utils
2023-06-05 11:26:35,土巴兔销售_2.5.4.apk,com.to8to.supreme.sdk.permission
2023-06-05 11:26:35,土巴兔销售_2.5.4.apk,com.to8to.supreme.sdk.permission.callback
2023-06-05 11:26:35,土巴兔销售_2.5.4.apk,com.to8to.supreme.sdk.permission.databinding
2023-06-05 11:26:35,土巴兔销售_2.5.4.apk,com.to8to.supreme.sdk.permission.dialog
2023-06-05 11:26:35,土巴兔销售_2.5.4.apk,com.to8to.supreme.sdk.permission.request
2023-06-05 11:26:35,土巴兔销售_2.5.4.apk,com.to8to.supreme.sdk.update
2023-06-05 11:26:35,土巴兔销售_2.5.4.apk,com.to8to.supreme.sdk.update.databinding
2023-06-05 11:26:35,土巴兔销售_2.5.4.apk,com.to8to.supreme.sdk.update.dialog
2023-06-05 11:26:35,土巴兔销售_2.5.4.apk,com.to8to.supreme.sdk.upload
2023-06-05 11:26:35,土巴兔销售_2.5.4.apk,com.to8to.supreme.sdk.upload.bean
2023-06-05 11:26:35,土巴兔销售_2.5.4.apk,com.to8to.supreme.sdk.upload.util
2023-06-05 11:26:35,土巴兔销售_2.5.4.apk,com.to8to.supreme.sdk.utils
2023-06-05 11:26:35,土巴兔销售_2.5.4.apk,com.to8to.supreme.sdk.utils.constants
2023-06-05 11:26:35,土巴兔销售_2.5.4.apk,com.to8to.supreme.sdk.utils.helper
2023-06-05 11:26:35,土巴兔销售_2.5.4.apk,com.to8to.tianeye
2023-06-05 11:26:35,土巴兔销售_2.5.4.apk,com.to8to.tianeye.annotation
2023-06-05 11:26:35,土巴兔销售_2.5.4.apk,com.to8to.tianeye.arch
2023-06-05 11:26:35,土巴兔销售_2.5.4.apk,com.to8to.tianeye.core
2023-06-05 11:26:35,土巴兔销售_2.5.4.apk,com.to8to.tianeye.event
2023-06-05 11:26:35,土巴兔销售_2.5.4.apk,com.to8to.tianeye.exeception
2023-06-05 11:26:35,土巴兔销售_2.5.4.apk,com.to8to.tianeye.fragment
2023-06-05 11:26:35,土巴兔销售_2.5.4.apk,com.to8to.tianeye.internal
2023-06-05 11:26:35,土巴兔销售_2.5.4.apk,com.to8to.tianeye.util
2023-06-05 11:26:35,土巴兔销售_2.5.4.apk,com.to8to.tianeye.watchdog
2023-06-05 11:26:35,土巴兔销售_2.5.4.apk,com.umeng.analytics
2023-06-05 11:26:35,土巴兔销售_2.5.4.apk,com.umeng.analytics.pro
2023-06-05 11:26:35,土巴兔销售_2.5.4.apk,com.umeng.analytics.process
2023-06-05 11:26:35,土巴兔销售_2.5.4.apk,com.umeng.analytics.vshelper
2023-06-05 11:26:35,土巴兔销售_2.5.4.apk,com.umeng.common
2023-06-05 11:26:35,土巴兔销售_2.5.4.apk,com.umeng.commonsdk
2023-06-05 11:26:35,土巴兔销售_2.5.4.apk,com.umeng.commonsdk.config
2023-06-05 11:26:35,土巴兔销售_2.5.4.apk,com.umeng.commonsdk.debug
2023-06-05 11:26:35,土巴兔销售_2.5.4.apk,com.umeng.commonsdk.framework
2023-06-05 11:26:35,土巴兔销售_2.5.4.apk,com.umeng.commonsdk.internal
2023-06-05 11:26:35,土巴兔销售_2.5.4.apk,com.umeng.commonsdk.internal.crash
2023-06-05 11:26:35,土巴兔销售_2.5.4.apk,com.umeng.commonsdk.internal.utils
2023-06-05 11:26:35,土巴兔销售_2.5.4.apk,com.umeng.commonsdk.listener
2023-06-05 11:26:35,土巴兔销售_2.5.4.apk,com.umeng.commonsdk.service
2023-06-05 11:26:35,土巴兔销售_2.5.4.apk,com.umeng.commonsdk.stateless
2023-06-05 11:26:35,土巴兔销售_2.5.4.apk,com.umeng.commonsdk.statistics
2023-06-05 11:26:35,土巴兔销售_2.5.4.apk,com.umeng.commonsdk.statistics.common
2023-06-05 11:26:35,土巴兔销售_2.5.4.apk,com.umeng.commonsdk.statistics.idtracking
2023-06-05 11:26:35,土巴兔销售_2.5.4.apk,com.umeng.commonsdk.statistics.internal
2023-06-05 11:26:35,土巴兔销售_2.5.4.apk,com.umeng.commonsdk.statistics.noise
2023-06-05 11:26:35,土巴兔销售_2.5.4.apk,com.umeng.commonsdk.statistics.proto
2023-06-05 11:26:35,土巴兔销售_2.5.4.apk,com.umeng.commonsdk.utils
2023-06-05 11:26:35,土巴兔销售_2.5.4.apk,com.umeng.tunnel
2023-06-05 11:26:35,土巴兔销售_2.5.4.apk,com.umeng.vt.diff.util
2023-06-05 11:26:35,土巴兔销售_2.5.4.apk,com.yalantis.ucrop
2023-06-05 11:26:35,土巴兔销售_2.5.4.apk,com.yalantis.ucrop.callback
2023-06-05 11:26:35,土巴兔销售_2.5.4.apk,com.yalantis.ucrop.immersion
2023-06-05 11:26:35,土巴兔销售_2.5.4.apk,com.yalantis.ucrop.model
2023-06-05 11:26:35,土巴兔销售_2.5.4.apk,com.yalantis.ucrop.task
2023-06-05 11:26:35,土巴兔销售_2.5.4.apk,com.yalantis.ucrop.util
2023-06-05 11:26:35,土巴兔销售_2.5.4.apk,com.yalantis.ucrop.view
2023-06-05 11:26:35,土巴兔销售_2.5.4.apk,com.yalantis.ucrop.view.widget
2023-06-05 11:26:35,土巴兔销售_2.5.4.apk,com.zui.deviceidservice
2023-06-05 11:26:35,土巴兔销售_2.5.4.apk,com.zui.opendeviceidlibrary
2023-06-05 11:26:35,土巴兔销售_2.5.4.apk,io.reactivex
2023-06-05 11:26:35,土巴兔销售_2.5.4.apk,io.reactivex.android.plugins
2023-06-05 11:26:35,土巴兔销售_2.5.4.apk,io.reactivex.android.schedulers
2023-06-05 11:26:35,土巴兔销售_2.5.4.apk,io.reactivex.annotations
2023-06-05 11:26:35,土巴兔销售_2.5.4.apk,io.reactivex.disposables
2023-06-05 11:26:35,土巴兔销售_2.5.4.apk,io.reactivex.exceptions
2023-06-05 11:26:35,土巴兔销售_2.5.4.apk,io.reactivex.flowables
2023-06-05 11:26:35,土巴兔销售_2.5.4.apk,io.reactivex.functions
2023-06-05 11:26:35,土巴兔销售_2.5.4.apk,io.reactivex.internal.disposables
2023-06-05 11:26:35,土巴兔销售_2.5.4.apk,io.reactivex.internal.functions
2023-06-05 11:26:35,土巴兔销售_2.5.4.apk,io.reactivex.internal.fuseable
2023-06-05 11:26:35,土巴兔销售_2.5.4.apk,io.reactivex.internal.observers
2023-06-05 11:26:35,土巴兔销售_2.5.4.apk,io.reactivex.internal.operators.completable
2023-06-05 11:26:35,土巴兔销售_2.5.4.apk,io.reactivex.internal.operators.flowable
2023-06-05 11:26:35,土巴兔销售_2.5.4.apk,io.reactivex.internal.operators.maybe
2023-06-05 11:26:35,土巴兔销售_2.5.4.apk,io.reactivex.internal.operators.mixed
2023-06-05 11:26:35,土巴兔销售_2.5.4.apk,io.reactivex.internal.operators.observable
2023-06-05 11:26:35,土巴兔销售_2.5.4.apk,io.reactivex.internal.operators.parallel
2023-06-05 11:26:35,土巴兔销售_2.5.4.apk,io.reactivex.internal.operators.single
2023-06-05 11:26:35,土巴兔销售_2.5.4.apk,io.reactivex.internal.queue
2023-06-05 11:26:35,土巴兔销售_2.5.4.apk,io.reactivex.internal.schedulers
2023-06-05 11:26:35,土巴兔销售_2.5.4.apk,io.reactivex.internal.subscribers
2023-06-05 11:26:35,土巴兔销售_2.5.4.apk,io.reactivex.internal.subscriptions
2023-06-05 11:26:35,土巴兔销售_2.5.4.apk,io.reactivex.internal.util
2023-06-05 11:26:35,土巴兔销售_2.5.4.apk,io.reactivex.observables
2023-06-05 11:26:35,土巴兔销售_2.5.4.apk,io.reactivex.observers
2023-06-05 11:26:35,土巴兔销售_2.5.4.apk,io.reactivex.parallel
2023-06-05 11:26:35,土巴兔销售_2.5.4.apk,io.reactivex.plugins
2023-06-05 11:26:35,土巴兔销售_2.5.4.apk,io.reactivex.processors
2023-06-05 11:26:35,土巴兔销售_2.5.4.apk,io.reactivex.schedulers
2023-06-05 11:26:35,土巴兔销售_2.5.4.apk,io.reactivex.subjects
2023-06-05 11:26:35,土巴兔销售_2.5.4.apk,io.reactivex.subscribers
2023-06-05 11:26:35,土巴兔销售_2.5.4.apk,kotlinx.coroutines
2023-06-05 11:26:35,土巴兔销售_2.5.4.apk,kotlinx.coroutines.channels
2023-06-05 11:26:35,土巴兔销售_2.5.4.apk,kotlinx.coroutines.debug
2023-06-05 11:26:35,土巴兔销售_2.5.4.apk,kotlinx.coroutines.debug.internal
2023-06-05 11:26:35,土巴兔销售_2.5.4.apk,kotlinx.coroutines.flow
2023-06-05 11:26:35,土巴兔销售_2.5.4.apk,kotlinx.coroutines.flow.internal
2023-06-05 11:26:35,土巴兔销售_2.5.4.apk,kotlinx.coroutines.internal
2023-06-05 11:26:35,土巴兔销售_2.5.4.apk,kotlinx.coroutines.intrinsics
2023-06-05 11:26:35,土巴兔销售_2.5.4.apk,kotlinx.coroutines.scheduling
2023-06-05 11:26:35,土巴兔销售_2.5.4.apk,kotlinx.coroutines.selects
2023-06-05 11:26:35,土巴兔销售_2.5.4.apk,kotlinx.coroutines.sync
2023-06-05 11:26:35,土巴兔销售_2.5.4.apk,kotlinx.coroutines.test
2023-06-05 11:26:35,土巴兔销售_2.5.4.apk,net.lucode.hackware.magicindicator
2023-06-05 11:26:35,土巴兔销售_2.5.4.apk,net.lucode.hackware.magicindicator.abs
2023-06-05 11:26:35,土巴兔销售_2.5.4.apk,net.lucode.hackware.magicindicator.buildins
2023-06-05 11:26:35,土巴兔销售_2.5.4.apk,net.lucode.hackware.magicindicator.buildins.commonnavigator
2023-06-05 11:26:35,土巴兔销售_2.5.4.apk,net.lucode.hackware.magicindicator.buildins.commonnavigator.abs
2023-06-05 11:26:35,土巴兔销售_2.5.4.apk,net.lucode.hackware.magicindicator.buildins.commonnavigator.indicators
2023-06-05 11:26:35,土巴兔销售_2.5.4.apk,net.lucode.hackware.magicindicator.buildins.commonnavigator.model
2023-06-05 11:26:35,土巴兔销售_2.5.4.apk,net.lucode.hackware.magicindicator.buildins.commonnavigator.titles
2023-06-05 11:26:35,土巴兔销售_2.5.4.apk,okhttp3
2023-06-05 11:26:35,土巴兔销售_2.5.4.apk,okhttp3.internal
2023-06-05 11:26:35,土巴兔销售_2.5.4.apk,okhttp3.internal.cache
2023-06-05 11:26:35,土巴兔销售_2.5.4.apk,okhttp3.internal.connection
2023-06-05 11:26:35,土巴兔销售_2.5.4.apk,okhttp3.internal.http
2023-06-05 11:26:35,土巴兔销售_2.5.4.apk,okhttp3.internal.http1
2023-06-05 11:26:35,土巴兔销售_2.5.4.apk,okhttp3.internal.http2
2023-06-05 11:26:35,土巴兔销售_2.5.4.apk,okhttp3.internal.huc
2023-06-05 11:26:35,土巴兔销售_2.5.4.apk,okhttp3.internal.io
2023-06-05 11:26:35,土巴兔销售_2.5.4.apk,okhttp3.internal.platform
2023-06-05 11:26:35,土巴兔销售_2.5.4.apk,okhttp3.internal.proxy
2023-06-05 11:26:35,土巴兔销售_2.5.4.apk,okhttp3.internal.publicsuffix
2023-06-05 11:26:35,土巴兔销售_2.5.4.apk,okhttp3.internal.tls
2023-06-05 11:26:35,土巴兔销售_2.5.4.apk,okhttp3.internal.ws
2023-06-05 11:26:35,土巴兔销售_2.5.4.apk,okio
2023-06-05 11:26:35,土巴兔销售_2.5.4.apk,okio.internal
2023-06-05 11:26:35,土巴兔销售_2.5.4.apk,org.apache.http.conn.ssl
2023-06-05 11:26:35,土巴兔销售_2.5.4.apk,org.conscrypt
2023-06-05 11:26:35,土巴兔销售_2.5.4.apk,org.jetbrains.annotations
2023-06-05 11:26:35,土巴兔销售_2.5.4.apk,org.json
2023-06-05 11:26:35,土巴兔销售_2.5.4.apk,org.reactivestreams
2023-06-05 11:26:35,土巴兔销售_2.5.4.apk,org.repackage.a.a.a
2023-06-05 11:26:35,土巴兔销售_2.5.4.apk,org.repackage.a.a.a.a
2023-06-05 11:26:35,土巴兔销售_2.5.4.apk,org.repackage.com.heytap.openid.sdk
2023-06-05 11:26:35,土巴兔销售_2.5.4.apk,org.repackage.com.miui.deviceid
2023-06-05 11:26:35,土巴兔销售_2.5.4.apk,org.repackage.com.vivo.identifier
2023-06-05 11:26:35,土巴兔销售_2.5.4.apk,org.xmlpull.v1
2023-06-05 11:26:35,土巴兔销售_2.5.4.apk,retrofit2
2023-06-05 11:26:35,土巴兔销售_2.5.4.apk,retrofit2.converter.gson
2023-06-05 11:26:35,土巴兔销售_2.5.4.apk,retrofit2.http
2023-06-05 11:26:35,土巴兔销售_2.5.4.apk,sun.misc
2023-06-05 11:26:35,土巴兔销售_2.5.4.apk,top.zibin.luban
2023-06-05 11:26:35,土巴兔销售_2.5.4.apk,vi.com.gdi.bgl.android.java
2023-06-05 11:26:35,土巴兔销售_2.5.4.apk,zlc.season.claritypotion
2023-06-05 11:26:35,土巴兔销售_2.5.4.apk,zlc.season.downloadx
2023-06-05 11:26:35,土巴兔销售_2.5.4.apk,zlc.season.downloadx.core
2023-06-05 11:26:35,土巴兔销售_2.5.4.apk,zlc.season.downloadx.helper
2023-06-05 11:26:35,土巴兔销售_2.5.4.apk,zlc.season.downloadx.utils
