Version,Package Name,APK Package Name,Timestamp
20230625_105106,com.airbnb.lottie,holytech_1.1.apk,2023-06-25 10:51:34
20230625_105106,com.airbnb.lottie.animation,holytech_1.1.apk,2023-06-25 10:51:34
20230625_105106,com.airbnb.lottie.animation.content,holytech_1.1.apk,2023-06-25 10:51:34
20230625_105106,com.airbnb.lottie.animation.keyframe,holytech_1.1.apk,2023-06-25 10:51:34
20230625_105106,com.airbnb.lottie.manager,holytech_1.1.apk,2023-06-25 10:51:34
20230625_105106,com.airbnb.lottie.model,holytech_1.1.apk,2023-06-25 10:51:34
20230625_105106,com.airbnb.lottie.model.animatable,holytech_1.1.apk,2023-06-25 10:51:34
20230625_105106,com.airbnb.lottie.model.content,holytech_1.1.apk,2023-06-25 10:51:34
20230625_105106,com.airbnb.lottie.model.layer,holytech_1.1.apk,2023-06-25 10:51:34
20230625_105106,com.airbnb.lottie.network,holytech_1.1.apk,2023-06-25 10:51:34
20230625_105106,com.airbnb.lottie.parser,holytech_1.1.apk,2023-06-25 10:51:34
20230625_105106,com.airbnb.lottie.parser.moshi,holytech_1.1.apk,2023-06-25 10:51:34
20230625_105106,com.airbnb.lottie.utils,holytech_1.1.apk,2023-06-25 10:51:34
20230625_105106,com.airbnb.lottie.value,holytech_1.1.apk,2023-06-25 10:51:34
20230625_105106,com.beust.klaxon,holytech_1.1.apk,2023-06-25 10:51:34
20230625_105106,com.beust.klaxon.internal,holytech_1.1.apk,2023-06-25 10:51:34
20230625_105106,com.bumptech.glide,holytech_1.1.apk,2023-06-25 10:51:34
20230625_105106,com.bumptech.glide.disklrucache,holytech_1.1.apk,2023-06-25 10:51:34
20230625_105106,com.bumptech.glide.gifdecoder,holytech_1.1.apk,2023-06-25 10:51:34
20230625_105106,com.bumptech.glide.load,holytech_1.1.apk,2023-06-25 10:51:34
20230625_105106,com.bumptech.glide.load.data,holytech_1.1.apk,2023-06-25 10:51:34
20230625_105106,com.bumptech.glide.load.data.mediastore,holytech_1.1.apk,2023-06-25 10:51:34
20230625_105106,com.bumptech.glide.load.engine,holytech_1.1.apk,2023-06-25 10:51:34
20230625_105106,com.bumptech.glide.load.engine.bitmap_recycle,holytech_1.1.apk,2023-06-25 10:51:34
20230625_105106,com.bumptech.glide.load.engine.cache,holytech_1.1.apk,2023-06-25 10:51:34
20230625_105106,com.bumptech.glide.load.engine.executor,holytech_1.1.apk,2023-06-25 10:51:34
20230625_105106,com.bumptech.glide.load.engine.prefill,holytech_1.1.apk,2023-06-25 10:51:34
20230625_105106,com.bumptech.glide.load.model,holytech_1.1.apk,2023-06-25 10:51:34
20230625_105106,com.bumptech.glide.load.model.stream,holytech_1.1.apk,2023-06-25 10:51:34
20230625_105106,com.bumptech.glide.load.resource,holytech_1.1.apk,2023-06-25 10:51:34
20230625_105106,com.bumptech.glide.load.resource.bitmap,holytech_1.1.apk,2023-06-25 10:51:34
20230625_105106,com.bumptech.glide.load.resource.bytes,holytech_1.1.apk,2023-06-25 10:51:34
20230625_105106,com.bumptech.glide.load.resource.drawable,holytech_1.1.apk,2023-06-25 10:51:34
20230625_105106,com.bumptech.glide.load.resource.file,holytech_1.1.apk,2023-06-25 10:51:34
20230625_105106,com.bumptech.glide.load.resource.gif,holytech_1.1.apk,2023-06-25 10:51:34
20230625_105106,com.bumptech.glide.load.resource.transcode,holytech_1.1.apk,2023-06-25 10:51:34
20230625_105106,com.bumptech.glide.manager,holytech_1.1.apk,2023-06-25 10:51:34
20230625_105106,com.bumptech.glide.module,holytech_1.1.apk,2023-06-25 10:51:34
20230625_105106,com.bumptech.glide.provider,holytech_1.1.apk,2023-06-25 10:51:34
20230625_105106,com.bumptech.glide.request,holytech_1.1.apk,2023-06-25 10:51:34
20230625_105106,com.bumptech.glide.request.target,holytech_1.1.apk,2023-06-25 10:51:34
20230625_105106,com.bumptech.glide.request.transition,holytech_1.1.apk,2023-06-25 10:51:34
20230625_105106,com.bumptech.glide.signature,holytech_1.1.apk,2023-06-25 10:51:34
20230625_105106,com.bumptech.glide.util,holytech_1.1.apk,2023-06-25 10:51:34
20230625_105106,com.bumptech.glide.util.pool,holytech_1.1.apk,2023-06-25 10:51:34
20230625_105106,com.dl7.tag,holytech_1.1.apk,2023-06-25 10:51:34
20230625_105106,com.dl7.tag.drawable,holytech_1.1.apk,2023-06-25 10:51:34
20230625_105106,com.dl7.tag.utils,holytech_1.1.apk,2023-06-25 10:51:34
20230625_105106,com.ethan.v2x,holytech_1.1.apk,2023-06-25 10:51:34
20230625_105106,com.ethan.v2x.HolyTech,holytech_1.1.apk,2023-06-25 10:51:34
20230625_105106,com.ethan.v2x.common,holytech_1.1.apk,2023-06-25 10:51:34
20230625_105106,com.ethan.v2x.extension,holytech_1.1.apk,2023-06-25 10:51:34
20230625_105106,com.ethan.v2x.model,holytech_1.1.apk,2023-06-25 10:51:34
20230625_105106,com.ethan.v2x.net,holytech_1.1.apk,2023-06-25 10:51:34
20230625_105106,com.ethan.v2x.service,holytech_1.1.apk,2023-06-25 10:51:34
20230625_105106,com.ethan.v2x.storage,holytech_1.1.apk,2023-06-25 10:51:34
20230625_105106,com.ethan.v2x.ui,holytech_1.1.apk,2023-06-25 10:51:34
20230625_105106,com.ethan.v2x.ui.adapter,holytech_1.1.apk,2023-06-25 10:51:34
20230625_105106,com.ethan.v2x.ui.data,holytech_1.1.apk,2023-06-25 10:51:34
20230625_105106,com.ethan.v2x.ui.data.model,holytech_1.1.apk,2023-06-25 10:51:34
20230625_105106,com.ethan.v2x.ui.perapp,holytech_1.1.apk,2023-06-25 10:51:34
20230625_105106,com.ethan.v2x.ui.settings,holytech_1.1.apk,2023-06-25 10:51:34
20230625_105106,com.ethan.v2x.ui.ui.login,holytech_1.1.apk,2023-06-25 10:51:34
20230625_105106,com.ethan.v2x.utils,holytech_1.1.apk,2023-06-25 10:51:34
20230625_105106,com.google.android.material,holytech_1.1.apk,2023-06-25 10:51:34
20230625_105106,com.google.android.material.animation,holytech_1.1.apk,2023-06-25 10:51:34
20230625_105106,com.google.android.material.appbar,holytech_1.1.apk,2023-06-25 10:51:34
20230625_105106,com.google.android.material.badge,holytech_1.1.apk,2023-06-25 10:51:34
20230625_105106,com.google.android.material.behavior,holytech_1.1.apk,2023-06-25 10:51:34
20230625_105106,com.google.android.material.bottomsheet,holytech_1.1.apk,2023-06-25 10:51:34
20230625_105106,com.google.android.material.button,holytech_1.1.apk,2023-06-25 10:51:34
20230625_105106,com.google.android.material.canvas,holytech_1.1.apk,2023-06-25 10:51:34
20230625_105106,com.google.android.material.card,holytech_1.1.apk,2023-06-25 10:51:34
20230625_105106,com.google.android.material.checkbox,holytech_1.1.apk,2023-06-25 10:51:34
20230625_105106,com.google.android.material.chip,holytech_1.1.apk,2023-06-25 10:51:34
20230625_105106,com.google.android.material.circularreveal,holytech_1.1.apk,2023-06-25 10:51:34
20230625_105106,com.google.android.material.circularreveal.cardview,holytech_1.1.apk,2023-06-25 10:51:34
20230625_105106,com.google.android.material.color,holytech_1.1.apk,2023-06-25 10:51:34
20230625_105106,com.google.android.material.datepicker,holytech_1.1.apk,2023-06-25 10:51:34
20230625_105106,com.google.android.material.dialog,holytech_1.1.apk,2023-06-25 10:51:34
20230625_105106,com.google.android.material.drawable,holytech_1.1.apk,2023-06-25 10:51:34
20230625_105106,com.google.android.material.elevation,holytech_1.1.apk,2023-06-25 10:51:34
20230625_105106,com.google.android.material.expandable,holytech_1.1.apk,2023-06-25 10:51:34
20230625_105106,com.google.android.material.floatingactionbutton,holytech_1.1.apk,2023-06-25 10:51:34
20230625_105106,com.google.android.material.internal,holytech_1.1.apk,2023-06-25 10:51:34
20230625_105106,com.google.android.material.math,holytech_1.1.apk,2023-06-25 10:51:34
20230625_105106,com.google.android.material.radiobutton,holytech_1.1.apk,2023-06-25 10:51:34
20230625_105106,com.google.android.material.resources,holytech_1.1.apk,2023-06-25 10:51:34
20230625_105106,com.google.android.material.ripple,holytech_1.1.apk,2023-06-25 10:51:34
20230625_105106,com.google.android.material.shadow,holytech_1.1.apk,2023-06-25 10:51:34
20230625_105106,com.google.android.material.shape,holytech_1.1.apk,2023-06-25 10:51:34
20230625_105106,com.google.android.material.snackbar,holytech_1.1.apk,2023-06-25 10:51:34
20230625_105106,com.google.android.material.stateful,holytech_1.1.apk,2023-06-25 10:51:34
20230625_105106,com.google.android.material.tabs,holytech_1.1.apk,2023-06-25 10:51:34
20230625_105106,com.google.android.material.textfield,holytech_1.1.apk,2023-06-25 10:51:34
20230625_105106,com.google.android.material.textview,holytech_1.1.apk,2023-06-25 10:51:34
20230625_105106,com.google.android.material.theme.overlay,holytech_1.1.apk,2023-06-25 10:51:34
20230625_105106,com.google.android.material.transformation,holytech_1.1.apk,2023-06-25 10:51:34
20230625_105106,com.google.gson,holytech_1.1.apk,2023-06-25 10:51:34
20230625_105106,com.google.gson.annotations,holytech_1.1.apk,2023-06-25 10:51:34
20230625_105106,com.google.gson.internal,holytech_1.1.apk,2023-06-25 10:51:34
20230625_105106,com.google.gson.internal.bind,holytech_1.1.apk,2023-06-25 10:51:34
20230625_105106,com.google.gson.internal.bind.util,holytech_1.1.apk,2023-06-25 10:51:34
20230625_105106,com.google.gson.internal.reflect,holytech_1.1.apk,2023-06-25 10:51:34
20230625_105106,com.google.gson.reflect,holytech_1.1.apk,2023-06-25 10:51:34
20230625_105106,com.google.gson.stream,holytech_1.1.apk,2023-06-25 10:51:34
20230625_105106,dalvik.system,holytech_1.1.apk,2023-06-25 10:51:34
20230625_105106,go,holytech_1.1.apk,2023-06-25 10:51:34
20230625_105106,io.reactivex,holytech_1.1.apk,2023-06-25 10:51:34
20230625_105106,io.reactivex.android.plugins,holytech_1.1.apk,2023-06-25 10:51:34
20230625_105106,io.reactivex.android.schedulers,holytech_1.1.apk,2023-06-25 10:51:34
20230625_105106,io.reactivex.annotations,holytech_1.1.apk,2023-06-25 10:51:34
20230625_105106,io.reactivex.disposables,holytech_1.1.apk,2023-06-25 10:51:34
20230625_105106,io.reactivex.exceptions,holytech_1.1.apk,2023-06-25 10:51:34
20230625_105106,io.reactivex.flowables,holytech_1.1.apk,2023-06-25 10:51:34
20230625_105106,io.reactivex.functions,holytech_1.1.apk,2023-06-25 10:51:34
20230625_105106,io.reactivex.internal.disposables,holytech_1.1.apk,2023-06-25 10:51:34
20230625_105106,io.reactivex.internal.functions,holytech_1.1.apk,2023-06-25 10:51:34
20230625_105106,io.reactivex.internal.fuseable,holytech_1.1.apk,2023-06-25 10:51:34
20230625_105106,io.reactivex.internal.observers,holytech_1.1.apk,2023-06-25 10:51:34
20230625_105106,io.reactivex.internal.operators.completable,holytech_1.1.apk,2023-06-25 10:51:34
20230625_105106,io.reactivex.internal.operators.flowable,holytech_1.1.apk,2023-06-25 10:51:34
20230625_105106,io.reactivex.internal.operators.maybe,holytech_1.1.apk,2023-06-25 10:51:34
20230625_105106,io.reactivex.internal.operators.mixed,holytech_1.1.apk,2023-06-25 10:51:34
20230625_105106,io.reactivex.internal.operators.observable,holytech_1.1.apk,2023-06-25 10:51:34
20230625_105106,io.reactivex.internal.operators.parallel,holytech_1.1.apk,2023-06-25 10:51:34
20230625_105106,io.reactivex.internal.operators.single,holytech_1.1.apk,2023-06-25 10:51:34
20230625_105106,io.reactivex.internal.queue,holytech_1.1.apk,2023-06-25 10:51:34
20230625_105106,io.reactivex.internal.schedulers,holytech_1.1.apk,2023-06-25 10:51:34
20230625_105106,io.reactivex.internal.subscribers,holytech_1.1.apk,2023-06-25 10:51:34
20230625_105106,io.reactivex.internal.subscriptions,holytech_1.1.apk,2023-06-25 10:51:34
20230625_105106,io.reactivex.internal.util,holytech_1.1.apk,2023-06-25 10:51:34
20230625_105106,io.reactivex.observables,holytech_1.1.apk,2023-06-25 10:51:34
20230625_105106,io.reactivex.observers,holytech_1.1.apk,2023-06-25 10:51:34
20230625_105106,io.reactivex.parallel,holytech_1.1.apk,2023-06-25 10:51:34
20230625_105106,io.reactivex.plugins,holytech_1.1.apk,2023-06-25 10:51:34
20230625_105106,io.reactivex.processors,holytech_1.1.apk,2023-06-25 10:51:34
20230625_105106,io.reactivex.schedulers,holytech_1.1.apk,2023-06-25 10:51:34
20230625_105106,io.reactivex.subjects,holytech_1.1.apk,2023-06-25 10:51:34
20230625_105106,io.reactivex.subscribers,holytech_1.1.apk,2023-06-25 10:51:34
20230625_105106,kotlinx.coroutines,holytech_1.1.apk,2023-06-25 10:51:34
20230625_105106,okhttp3,holytech_1.1.apk,2023-06-25 10:51:34
20230625_105106,okhttp3.internal,holytech_1.1.apk,2023-06-25 10:51:34
20230625_105106,okhttp3.internal.cache,holytech_1.1.apk,2023-06-25 10:51:34
20230625_105106,okhttp3.internal.connection,holytech_1.1.apk,2023-06-25 10:51:34
20230625_105106,okhttp3.internal.http,holytech_1.1.apk,2023-06-25 10:51:34
20230625_105106,okhttp3.internal.http1,holytech_1.1.apk,2023-06-25 10:51:34
20230625_105106,okhttp3.internal.http2,holytech_1.1.apk,2023-06-25 10:51:34
20230625_105106,okhttp3.internal.io,holytech_1.1.apk,2023-06-25 10:51:34
20230625_105106,okhttp3.internal.platform,holytech_1.1.apk,2023-06-25 10:51:34
20230625_105106,okhttp3.internal.proxy,holytech_1.1.apk,2023-06-25 10:51:34
20230625_105106,okhttp3.internal.publicsuffix,holytech_1.1.apk,2023-06-25 10:51:34
20230625_105106,okhttp3.internal.tls,holytech_1.1.apk,2023-06-25 10:51:34
20230625_105106,okhttp3.internal.ws,holytech_1.1.apk,2023-06-25 10:51:34
20230625_105106,okio,holytech_1.1.apk,2023-06-25 10:51:34
20230625_105106,org.conscrypt,holytech_1.1.apk,2023-06-25 10:51:34
20230625_105106,org.json,holytech_1.1.apk,2023-06-25 10:51:34
20230625_105106,org.reactivestreams,holytech_1.1.apk,2023-06-25 10:51:34
20230625_105106,org.xmlpull.v1,holytech_1.1.apk,2023-06-25 10:51:34
20230625_105106,retrofit2,holytech_1.1.apk,2023-06-25 10:51:34
20230625_105106,retrofit2.adapter.rxjava2,holytech_1.1.apk,2023-06-25 10:51:34
20230625_105106,retrofit2.converter.gson,holytech_1.1.apk,2023-06-25 10:51:34
20230625_105106,retrofit2.http,holytech_1.1.apk,2023-06-25 10:51:34
20230625_105106,tun2socks,holytech_1.1.apk,2023-06-25 10:51:34
